filename,rms,sc,label
New_AS_001.wav,0.1510380059480667,339.4840259468362,AS
New_AS_002.wav,0.1512194722890854,336.563694040909,AS
New_AS_003.wav,0.1504136621952057,336.0848632557654,AS
New_AS_004.wav,0.15078772604465485,332.4709507534494,AS
New_AS_005.wav,0.14834947884082794,333.6385710707253,AS
New_AS_006.wav,0.14896541833877563,333.91374650875474,AS
New_AS_007.wav,0.1491008847951889,340.1613850209351,AS
New_AS_008.wav,0.15207044780254364,330.9379723336728,AS
New_AS_009.wav,0.14925064146518707,329.1809215805155,AS
New_AS_010.wav,0.15040436387062073,328.7743428422817,AS
New_AS_011.wav,0.15103836357593536,333.4311475340798,AS
New_AS_012.wav,0.14952029287815094,343.38494684893726,AS
New_AS_013.wav,0.14714819192886353,344.1470932545418,AS
New_AS_014.wav,0.1486264169216156,338.6761544970784,AS
New_AS_015.wav,0.14819344878196716,330.76076854280564,AS
New_AS_016.wav,0.16109465062618256,313.8631318208964,AS
New_AS_017.wav,0.15197597444057465,327.7517373698701,AS
New_AS_018.wav,0.15033942461013794,339.97922670210716,AS
New_AS_019.wav,0.15028716623783112,339.7815388898943,AS
New_AS_020.wav,0.15004980564117432,328.35029712367856,AS
New_AS_021.wav,0.14913514256477356,334.13272740815296,AS
New_AS_022.wav,0.15006446838378906,349.1225599485076,AS
New_AS_023.wav,0.1482161432504654,336.2014151460108,AS
New_AS_024.wav,0.1390894651412964,479.1876144244425,AS
New_AS_025.wav,0.04933268204331398,363.02036663877453,AS
New_AS_026.wav,0.049468159675598145,360.0578039060216,AS
New_AS_027.wav,0.04854104667901993,364.70687433936644,AS
New_AS_028.wav,0.04934081807732582,373.54773556324517,AS
New_AS_029.wav,0.04920065402984619,368.07916376925624,AS
New_AS_030.wav,0.04856032505631447,358.7023938530278,AS
New_AS_031.wav,0.04850008711218834,362.2184206382362,AS
New_AS_032.wav,0.049026452004909515,370.03486949664057,AS
New_AS_033.wav,0.04840816929936409,363.9772840928372,AS
New_AS_034.wav,0.04898406192660332,356.9004175329094,AS
New_AS_035.wav,0.049045316874980927,364.4722448152925,AS
New_AS_036.wav,0.04879949241876602,354.848180447183,AS
New_AS_037.wav,0.04874977841973305,362.90012074333936,AS
New_AS_038.wav,0.049168944358825684,365.6295869496545,AS
New_AS_039.wav,0.048513930290937424,369.88803979441565,AS
New_AS_040.wav,0.048663180321455,372.7460172896005,AS
New_AS_041.wav,0.04931122809648514,366.3053564135118,AS
New_AS_042.wav,0.048471760004758835,373.50914269767816,AS
New_AS_043.wav,0.04907286912202835,365.31268577143237,AS
New_AS_044.wav,0.04863149672746658,372.94370344717,AS
New_AS_045.wav,0.04867471009492874,369.941290818658,AS
New_AS_046.wav,0.049192916601896286,362.6529089467596,AS
New_AS_047.wav,0.04915910214185715,366.23310714492555,AS
New_AS_048.wav,0.042576003819704056,572.2391414215123,AS
New_AS_049.wav,0.03117595799267292,377.81705946264,AS
New_AS_050.wav,0.026410961523652077,410.2301534077871,AS
New_AS_051.wav,0.026353733614087105,400.63825971812696,AS
New_AS_052.wav,0.02541302517056465,400.7671394621965,AS
New_AS_053.wav,0.02146930620074272,397.52114034040335,AS
New_AS_054.wav,0.022335940971970558,397.0049210935421,AS
New_AS_055.wav,0.025072701275348663,396.68766086325917,AS
New_AS_056.wav,0.02262345515191555,405.94887418072983,AS
New_AS_057.wav,0.02455960027873516,389.9559674677051,AS
New_AS_058.wav,0.023880837485194206,398.3338869597494,AS
New_AS_059.wav,0.022603608667850494,388.46912428132674,AS
New_AS_060.wav,0.025044457986950874,387.4566357846103,AS
New_AS_061.wav,0.025456467643380165,398.2373109654026,AS
New_AS_062.wav,0.02927563525736332,391.40356226553047,AS
New_AS_063.wav,0.02616771310567856,388.4491316155129,AS
New_AS_064.wav,0.028157562017440796,396.034894621487,AS
New_AS_065.wav,0.028352050110697746,393.6606803600648,AS
New_AS_066.wav,0.027702923864126205,387.71374518440405,AS
New_AS_067.wav,0.02929490990936756,385.9217522573008,AS
New_AS_068.wav,0.030994011089205742,383.9863360755168,AS
New_AS_069.wav,0.02813076600432396,393.4457061701165,AS
New_AS_070.wav,0.028033051639795303,402.5197708333935,AS
New_AS_071.wav,0.025726448744535446,379.3144148805216,AS
New_AS_072.wav,0.027062270790338516,391.4164443775784,AS
New_AS_073.wav,0.0285577941685915,385.58288077727804,AS
New_AS_074.wav,0.02817809395492077,392.68211969893264,AS
New_AS_075.wav,0.029996950179338455,396.16587960309323,AS
New_AS_076.wav,0.02705710381269455,388.15316146093556,AS
New_AS_077.wav,0.0494963563978672,365.3510346889344,AS
New_AS_078.wav,0.049143943935632706,367.3096851150942,AS
New_AS_079.wav,0.048557184636592865,360.9813908467944,AS
New_AS_080.wav,0.048293858766555786,365.2973841915888,AS
New_AS_081.wav,0.04900036379694939,367.58939381711116,AS
New_AS_082.wav,0.048955705016851425,365.4436398427282,AS
New_AS_083.wav,0.04821212217211723,372.2853045138522,AS
New_AS_084.wav,0.04873540997505188,367.18854425688863,AS
New_AS_085.wav,0.048012856394052505,354.47515777408825,AS
New_AS_086.wav,0.049007073044776917,367.42557846131723,AS
New_AS_087.wav,0.04932857304811478,366.20085933465714,AS
New_AS_088.wav,0.04911137372255325,361.0705938522781,AS
New_AS_089.wav,0.04930444806814194,375.34376631503153,AS
New_AS_090.wav,0.04892021790146828,364.4673312915812,AS
New_AS_091.wav,0.04905836284160614,359.5296781223846,AS
New_AS_092.wav,0.04815917834639549,361.7072947116054,AS
New_AS_093.wav,0.04965973645448685,372.33799601872005,AS
New_AS_094.wav,0.04855575039982796,364.46879362859306,AS
New_AS_095.wav,0.04843626916408539,372.2328320954152,AS
New_AS_096.wav,0.0487670935690403,369.41198307417926,AS
New_AS_097.wav,0.04920677840709686,357.33864401764964,AS
New_AS_098.wav,0.04840729385614395,361.4973916732724,AS
New_AS_099.wav,0.049173083156347275,361.4170869384885,AS
New_AS_100.wav,0.04227953031659126,567.1111029912063,AS
New_AS_101.wav,0.049536701291799545,363.4472222925761,AS
New_AS_102.wav,0.0490150973200798,369.73979126671605,AS
New_AS_103.wav,0.04858294501900673,356.9991040353659,AS
New_AS_104.wav,0.04833139479160309,354.71312657268254,AS
New_AS_105.wav,0.0495152547955513,375.55421831520886,AS
New_AS_106.wav,0.04935995116829872,351.9132207728458,AS
New_AS_107.wav,0.0482361726462841,366.7719378269312,AS
New_AS_108.wav,0.04911499470472336,373.84510173334894,AS
New_AS_109.wav,0.04940158128738403,366.7157546087157,AS
New_AS_110.wav,0.04857971519231796,356.42925887037387,AS
New_AS_111.wav,0.154327392578125,164.46116571466658,AS
New_AS_112.wav,0.15302585065364838,188.10264094352016,AS
New_AS_113.wav,0.15440909564495087,198.1390951007598,AS
New_AS_114.wav,0.1517416089773178,212.02410912449204,AS
New_AS_115.wav,0.04852241277694702,355.77486133720237,AS
New_AS_116.wav,0.048927634954452515,368.3273410015597,AS
New_AS_117.wav,0.04910850524902344,361.41166944429403,AS
New_AS_118.wav,0.04892490431666374,368.1914298190508,AS
New_AS_119.wav,0.04862629249691963,351.98298572730414,AS
New_AS_120.wav,0.04868388921022415,366.09614425930306,AS
New_AS_121.wav,0.048953622579574585,361.2954196257146,AS
New_AS_122.wav,0.049058426171541214,366.44894634473116,AS
New_AS_123.wav,0.04904142767190933,364.01453313697044,AS
New_AS_124.wav,0.04935530945658684,372.95239241576684,AS
New_AS_125.wav,0.048649176955223083,366.68055825385716,AS
New_AS_126.wav,0.04879622533917427,360.414173744699,AS
New_AS_127.wav,0.049340106546878815,371.33932476458097,AS
New_AS_128.wav,0.04373171180486679,564.0685676101635,AS
New_AS_129.wav,0.05672864243388176,650.282773209895,AS
New_AS_130.wav,0.05535363405942917,647.9504197538008,AS
New_AS_131.wav,0.0640513002872467,876.6151744878539,AS
New_AS_132.wav,0.042487431317567825,950.6385603957514,AS
New_AS_133.wav,0.05054982006549835,781.4545425945321,AS
New_AS_134.wav,0.046773433685302734,381.0423731941021,AS
New_AS_135.wav,0.02825290337204933,864.5388107313914,AS
New_AS_136.wav,0.05787185952067375,602.3944011071598,AS
New_AS_137.wav,0.055748552083969116,616.5656266525015,AS
New_AS_138.wav,0.0572863407433033,624.5967951589249,AS
New_AS_139.wav,0.05778492987155914,608.1584812912497,AS
New_AS_140.wav,0.05810244381427765,891.2386229605669,AS
New_AS_141.wav,0.058208201080560684,902.5036788899116,AS
New_AS_142.wav,0.05869610980153084,895.4894942501451,AS
New_AS_143.wav,0.06574051827192307,812.5751809718865,AS
New_AS_144.wav,0.11642434448003769,719.2186004655454,AS
New_AS_145.wav,0.11747181415557861,686.0233370125527,AS
New_AS_146.wav,0.11613986641168594,708.4766533488266,AS
New_AS_147.wav,0.11620056629180908,704.5428238828516,AS
New_AS_148.wav,0.11119429767131805,739.6743978239157,AS
New_AS_149.wav,0.11736606806516647,684.6738838675942,AS
New_AS_150.wav,0.11574236303567886,678.2517065932292,AS
New_AS_151.wav,0.11826083064079285,683.0395251617725,AS
New_AS_152.wav,0.03625916689634323,824.1635587775694,AS
New_AS_153.wav,0.037542540580034256,844.6671873811472,AS
New_AS_154.wav,0.0365644246339798,833.7174377665018,AS
New_AS_155.wav,0.03729606419801712,801.6159744093136,AS
New_AS_156.wav,0.058198750019073486,599.5570073884919,AS
New_AS_157.wav,0.05465460196137428,614.0188935786407,AS
New_AS_158.wav,0.05644644424319267,621.6877909955997,AS
New_AS_159.wav,0.058394137769937515,602.0366549464472,AS
New_AS_160.wav,0.05062205716967583,526.019873358998,AS
New_AS_161.wav,0.04814380779862404,556.6641055741305,AS
New_AS_162.wav,0.050387803465127945,549.6147340932462,AS
New_AS_163.wav,0.05246312916278839,543.2344226429482,AS
New_AS_164.wav,0.10045338422060013,768.4887275790919,AS
New_AS_165.wav,0.09900808334350586,756.5810474176941,AS
New_AS_166.wav,0.16679540276527405,618.5255666550426,AS
New_AS_167.wav,0.1649705469608307,627.0068007320525,AS
New_AS_168.wav,0.16791760921478271,623.0738373602583,AS
New_AS_169.wav,0.169358491897583,614.7553122308796,AS
New_AS_170.wav,0.09945320338010788,744.6011578411138,AS
New_AS_171.wav,0.10062981396913528,748.1679688578188,AS
New_AS_172.wav,0.16598811745643616,573.7227618092596,AS
New_AS_173.wav,0.16374903917312622,641.3416745309962,AS
New_AS_174.wav,0.16499066352844238,627.3979045029092,AS
New_AS_175.wav,0.17461608350276947,676.0563662114356,AS
New_AS_176.wav,0.16673369705677032,625.825479752705,AS
New_AS_177.wav,0.1638074368238449,638.6277103629938,AS
New_AS_178.wav,0.16489775478839874,678.686049854563,AS
New_AS_179.wav,0.1682053655385971,625.5545619330005,AS
New_AS_180.wav,0.04675693064928055,976.22564008028,AS
New_AS_181.wav,0.04769914969801903,965.7956370411314,AS
New_AS_182.wav,0.04770955070853233,949.3089214123223,AS
New_AS_183.wav,0.04763398319482803,962.6863555517308,AS
New_AS_184.wav,0.051877398043870926,528.3911274618998,AS
New_AS_185.wav,0.04870424047112465,539.1056071482623,AS
New_AS_186.wav,0.04889333248138428,562.7158293732662,AS
New_AS_187.wav,0.050930023193359375,556.2971094428328,AS
New_AS_188.wav,0.12225006520748138,441.31616754419116,AS
New_AS_189.wav,0.12554049491882324,435.65681483315126,AS
New_AS_190.wav,0.15458248555660248,524.0185838654577,AS
New_AS_191.wav,0.15459592640399933,526.021762215913,AS
New_AS_192.wav,0.04506736248731613,931.6607105188383,AS
New_AS_193.wav,0.04542740434408188,933.3357795557886,AS
New_AS_194.wav,0.0642906054854393,974.275132267779,AS
New_AS_195.wav,0.06341433525085449,973.5956632529528,AS
New_AS_196.wav,0.07750467211008072,277.04296404853204,AS
New_AS_197.wav,0.07168259471654892,291.68596499389616,AS
New_AS_198.wav,0.0665518268942833,292.67671540744794,AS
New_AS_199.wav,0.06486105918884277,275.66065812862576,AS
New_AS_200.wav,0.05779515579342842,290.601327336096,AS
New_MR_001.wav,0.0685899406671524,211.72387892575955,MR
New_MR_002.wav,0.0684930607676506,208.63840452136185,MR
New_MR_003.wav,0.06891486793756485,218.0163048028912,MR
New_MR_004.wav,0.06604600697755814,229.991883317308,MR
New_MR_005.wav,0.03267522156238556,170.48600490395765,MR
New_MR_006.wav,0.02681572362780571,198.02172812184293,MR
New_MR_007.wav,0.029558910056948662,185.796881492893,MR
New_MR_008.wav,0.02693159133195877,200.0496253516729,MR
New_MR_009.wav,0.03012976050376892,206.8940280860611,MR
New_MR_010.wav,0.026857133954763412,202.48666368282414,MR
New_MR_011.wav,0.012683604843914509,217.04271275483006,MR
New_MR_012.wav,0.01284016016870737,230.49506393657344,MR
New_MR_013.wav,0.012499603442847729,234.15556373721788,MR
New_MR_014.wav,0.013292365707457066,217.2662613520853,MR
New_MR_015.wav,0.029407596215605736,190.0644507767423,MR
New_MR_016.wav,0.03303198516368866,196.91473237301744,MR
New_MR_017.wav,0.027556246146559715,222.62591986066366,MR
New_MR_018.wav,0.03530793637037277,202.32469916980176,MR
New_MR_019.wav,0.027304919436573982,207.47363877551,MR
New_MR_020.wav,0.03367903456091881,191.36258094081768,MR
New_MR_021.wav,0.03477966785430908,190.20511846359818,MR
New_MR_022.wav,0.03547946736216545,202.70163815703816,MR
New_MR_023.wav,0.0334131121635437,204.86001234233714,MR
New_MR_024.wav,0.03498642519116402,202.52135551057353,MR
New_MR_025.wav,0.03717764467000961,225.28873389322038,MR
New_MR_026.wav,0.04551897570490837,475.1516197009054,MR
New_MR_027.wav,0.04404177516698837,479.80468217260756,MR
New_MR_028.wav,0.0451570488512516,485.88012510240895,MR
New_MR_029.wav,0.045075979083776474,466.50821683767305,MR
New_MR_030.wav,0.0440945066511631,486.0398868401896,MR
New_MR_031.wav,0.04538625851273537,486.84357572001056,MR
New_MR_032.wav,0.043823614716529846,496.53897585858283,MR
New_MR_033.wav,0.04588387534022331,476.3925913554813,MR
New_MR_034.wav,0.04088408872485161,551.241176224318,MR
New_MR_035.wav,0.03958927467465401,565.11671483122,MR
New_MR_036.wav,0.04083652421832085,563.2010228868802,MR
New_MR_037.wav,0.04644589498639107,515.5178218043801,MR
New_MR_038.wav,0.032082755118608475,445.4430108479507,MR
New_MR_039.wav,0.034122634679079056,481.5905655642535,MR
New_MR_040.wav,0.04892808198928833,379.18581395703154,MR
New_MR_041.wav,0.047429103404283524,407.70098509974105,MR
New_MR_042.wav,0.04829450324177742,400.1645187646817,MR
New_MR_043.wav,0.04698292538523674,403.947488635443,MR
New_MR_044.wav,0.046605147421360016,407.8352750425977,MR
New_MR_045.wav,0.0471106618642807,501.95443460267944,MR
New_MR_046.wav,0.021301543340086937,422.1735641238104,MR
New_MR_047.wav,0.021051468327641487,432.1553395605157,MR
New_MR_048.wav,0.020668864250183105,430.8008647999404,MR
New_MR_049.wav,0.020381387323141098,448.7374199635082,MR
New_MR_050.wav,0.02105012536048889,421.00547189199926,MR
New_MR_051.wav,0.021177301183342934,573.2672413672451,MR
New_MR_052.wav,0.04494656249880791,470.91104609442164,MR
New_MR_053.wav,0.044250573962926865,479.4128198203048,MR
New_MR_054.wav,0.04362930729985237,488.7012569170549,MR
New_MR_055.wav,0.044214192777872086,472.121116553121,MR
New_MR_056.wav,0.042979639023542404,483.7850514951033,MR
New_MR_057.wav,0.04408114403486252,486.2201503346463,MR
New_MR_058.wav,0.043807029724121094,482.1360154716911,MR
New_MR_059.wav,0.04411814734339714,465.7918418165327,MR
New_MR_060.wav,0.04428090527653694,481.45404714998335,MR
New_MR_061.wav,0.044062256813049316,478.34323125509997,MR
New_MR_062.wav,0.044542714953422546,472.89992000968533,MR
New_MR_063.wav,0.04433896392583847,482.16739508731007,MR
New_MR_064.wav,0.043357785791158676,486.80879160557487,MR
New_MR_065.wav,0.04486892744898796,471.3188280552925,MR
New_MR_066.wav,0.04474669694900513,500.0672690846443,MR
New_MR_067.wav,0.04256051778793335,508.02922618300755,MR
New_MR_068.wav,0.044172000139951706,485.4218859655261,MR
New_MR_069.wav,0.044441238045692444,479.6099891444191,MR
New_MR_070.wav,0.04442986845970154,491.1193204447242,MR
New_MR_071.wav,0.043690409511327744,483.0468074370021,MR
New_MR_072.wav,0.04333117976784706,488.27418226407536,MR
New_MR_073.wav,0.04364621639251709,490.84351730445934,MR
New_MR_074.wav,0.04478651285171509,473.86137787334883,MR
New_MR_075.wav,0.04310866445302963,497.9532841702658,MR
New_MR_076.wav,0.045028023421764374,491.3217956182718,MR
New_MR_077.wav,0.04369758442044258,493.56583265706513,MR
New_MR_078.wav,0.04415159672498703,489.5300074279854,MR
New_MR_079.wav,0.04467437043786049,473.1573902209129,MR
New_MR_080.wav,0.1118212565779686,174.47079356272607,MR
New_MR_081.wav,0.11549142003059387,259.71095304475074,MR
New_MR_082.wav,0.03992494195699692,557.6479553579305,MR
New_MR_083.wav,0.04048745334148407,547.3621892507462,MR
New_MR_084.wav,0.04026461020112038,566.6366669638242,MR
New_MR_085.wav,0.03633026406168938,491.4796042041317,MR
New_MR_086.wav,0.034244462847709656,499.4164346327959,MR
New_MR_087.wav,0.03454474359750748,503.7338859506452,MR
New_MR_088.wav,0.04434284567832947,671.8720297443123,MR
New_MR_089.wav,0.04437953233718872,642.4109780360105,MR
New_MR_090.wav,0.045276906341314316,652.284427610424,MR
New_MR_091.wav,0.04554241895675659,629.885936106151,MR
New_MR_092.wav,0.0442410446703434,649.82784742602,MR
New_MR_093.wav,0.045437779277563095,622.4826706774621,MR
New_MR_094.wav,0.04443955048918724,650.9241137280852,MR
New_MR_095.wav,0.04615071788430214,627.4484847367127,MR
New_MR_096.wav,0.044577647000551224,655.3384160894417,MR
New_MR_097.wav,0.04462118446826935,655.4368519752995,MR
New_MR_098.wav,0.04478587955236435,658.3753892909629,MR
New_MR_099.wav,0.045296162366867065,648.7615234960792,MR
New_MR_100.wav,0.04312074929475784,659.2439177209708,MR
New_MR_101.wav,0.04498425871133804,639.8690698160025,MR
New_MR_102.wav,0.043992623686790466,481.3285238063952,MR
New_MR_103.wav,0.043650735169649124,487.9683101124458,MR
New_MR_104.wav,0.044029269367456436,477.7546282581637,MR
New_MR_105.wav,0.04485960677266121,482.37543772892815,MR
New_MR_106.wav,0.04469244182109833,493.8012044046821,MR
New_MR_107.wav,0.04358634725213051,491.6166223031856,MR
New_MR_108.wav,0.042915236204862595,490.7699623042554,MR
New_MR_109.wav,0.04486590996384621,488.64072752630074,MR
New_MR_110.wav,0.04453030601143837,478.98925615210135,MR
New_MR_111.wav,0.04354323074221611,477.4372051134126,MR
New_MR_112.wav,0.04408128187060356,475.80578381420077,MR
New_MR_113.wav,0.042998041957616806,486.06391160541415,MR
New_MR_114.wav,0.044190503656864166,505.851585560195,MR
New_MR_115.wav,0.045096274465322495,484.958533536795,MR
New_MR_116.wav,0.04359870031476021,489.21388183550744,MR
New_MR_117.wav,0.044413577765226364,479.66938424282847,MR
New_MR_118.wav,0.043930914252996445,486.3309747836465,MR
New_MR_119.wav,0.0446489155292511,478.6695441452273,MR
New_MR_120.wav,0.04374011233448982,484.6129767037875,MR
New_MR_121.wav,0.043962348252534866,485.6686705349279,MR
New_MR_122.wav,0.04340170696377754,481.003471797632,MR
New_MR_123.wav,0.04350471869111061,483.00618758331257,MR
New_MR_124.wav,0.04495817422866821,482.6238369736466,MR
New_MR_125.wav,0.044497936964035034,489.2565205886474,MR
New_MR_126.wav,0.04428241774439812,493.7225680025601,MR
New_MR_127.wav,0.045865852385759354,467.4410414865719,MR
New_MR_128.wav,0.04394138976931572,488.3177836038688,MR
New_MR_129.wav,0.044816579669713974,477.3318348736969,MR
New_MR_130.wav,0.04519009217619896,471.6392750802304,MR
New_MR_131.wav,0.044697172939777374,475.32627367858834,MR
New_MR_132.wav,0.04289570078253746,490.00091211609737,MR
New_MR_133.wav,0.0441124401986599,473.7344841655879,MR
New_MR_134.wav,0.04394034668803215,488.5115432607503,MR
New_MR_135.wav,0.04477479308843613,464.9107812517229,MR
New_MR_136.wav,0.04271048679947853,495.16744051584845,MR
New_MR_137.wav,0.0452858991920948,485.41017296687386,MR
New_MR_138.wav,0.04405475780367851,498.20025108481445,MR
New_MR_139.wav,0.04648580402135849,457.1043876167676,MR
New_MR_140.wav,0.042176615446805954,495.6826483287438,MR
New_MR_141.wav,0.04356660321354866,486.87692559647127,MR
New_MR_142.wav,0.04356835409998894,497.7548189838135,MR
New_MR_143.wav,0.044751040637493134,488.5190326171845,MR
New_MR_144.wav,0.043368689715862274,489.96602884558104,MR
New_MR_145.wav,0.044419750571250916,486.20631724404495,MR
New_MR_146.wav,0.043653931468725204,501.8264157426397,MR
New_MR_147.wav,0.0440809540450573,494.0770951648815,MR
New_MR_148.wav,0.0439632348716259,479.15302108760807,MR
New_MR_149.wav,0.0433390848338604,484.6519638817992,MR
New_MR_150.wav,0.04316168278455734,497.12504925253546,MR
New_MR_151.wav,0.04468637332320213,488.86255577110677,MR
New_MR_152.wav,0.044973183423280716,479.0372312035777,MR
New_MR_153.wav,0.0438852496445179,482.1663026584288,MR
New_MR_154.wav,0.04534618929028511,481.4292283080384,MR
New_MR_155.wav,0.043078530579805374,481.92747970791714,MR
New_MR_156.wav,0.04405954107642174,499.5739272547773,MR
New_MR_157.wav,0.04477545991539955,474.9021445226222,MR
New_MR_158.wav,0.06817366927862167,480.3392896892077,MR
New_MR_159.wav,0.07111798971891403,466.36745005086664,MR
New_MR_160.wav,0.06716681271791458,495.6170193391178,MR
New_MR_161.wav,0.06826051324605942,487.89168563807607,MR
New_MR_162.wav,0.06832244247198105,483.87282185981616,MR
New_MR_163.wav,0.06767841428518295,498.37941684642857,MR
New_MR_164.wav,0.06859258562326431,500.8665793459778,MR
New_MR_165.wav,0.06731189787387848,494.43677626948073,MR
New_MR_166.wav,0.06591881066560745,472.3055634541499,MR
New_MR_167.wav,0.07058139145374298,468.24783464812225,MR
New_MR_168.wav,0.06816554069519043,482.2065280398804,MR
New_MR_169.wav,0.07158701121807098,472.85172858624685,MR
New_MR_170.wav,0.06855224817991257,484.3542887776248,MR
New_MR_171.wav,0.06852869689464569,473.41408260740917,MR
New_MR_172.wav,0.06786148995161057,488.62956069367436,MR
New_MR_173.wav,0.06750579923391342,494.3652690271304,MR
New_MR_174.wav,0.06869744509458542,468.7331325631608,MR
New_MR_175.wav,0.06891624629497528,476.2474976318748,MR
New_MR_176.wav,0.06789123266935349,471.02321909224895,MR
New_MR_177.wav,0.07097192108631134,472.24845499403494,MR
New_MR_178.wav,0.06903127580881119,484.12657661617203,MR
New_MR_179.wav,0.0688755214214325,472.8871888221047,MR
New_MR_180.wav,0.06752435863018036,472.77601667364956,MR
New_MR_181.wav,0.06782602518796921,477.4144586560758,MR
New_MR_182.wav,0.06685513257980347,493.1833523025181,MR
New_MR_183.wav,0.06714412569999695,485.02411467315596,MR
New_MR_184.wav,0.06731181591749191,477.50219676827527,MR
New_MR_185.wav,0.0686989352107048,476.57141149950695,MR
New_MR_186.wav,0.054980505257844925,965.1364140332306,MR
New_MR_187.wav,0.05920341610908508,958.9351514187198,MR
New_MR_188.wav,0.05473090335726738,981.6389145911753,MR
New_MR_189.wav,0.05794632062315941,944.8009256606252,MR
New_MR_190.wav,0.04471772536635399,995.737610801106,MR
New_MR_191.wav,0.04354531317949295,968.095529630875,MR
New_MR_192.wav,0.04433640465140343,978.3393018375466,MR
New_MR_193.wav,0.045444369316101074,966.500814371177,MR
New_MR_194.wav,0.13296309113502502,324.5614595580645,MR
New_MR_195.wav,0.12985588610172272,322.305043388438,MR
New_MR_196.wav,0.13074040412902832,324.38132402447195,MR
New_MR_197.wav,0.13234710693359375,316.42967703004916,MR
New_MR_198.wav,0.12974056601524353,327.99026109479144,MR
New_MR_199.wav,0.13385272026062012,330.0635269207179,MR
New_MR_200.wav,0.12890343368053436,323.8041037613487,MR
New_MS_001.wav,0.0734160840511322,379.18938188426426,MS
New_MS_002.wav,0.07400085031986237,367.2197220043982,MS
New_MS_003.wav,0.07303007692098618,373.7496367585312,MS
New_MS_004.wav,0.07585879415273666,356.2025853889695,MS
New_MS_005.wav,0.036876242607831955,207.86683489419647,MS
New_MS_006.wav,0.03955883905291557,197.5177920837377,MS
New_MS_007.wav,0.030553137883543968,235.27603678446596,MS
New_MS_008.wav,0.03332100808620453,261.89936863351215,MS
New_MS_009.wav,0.028537636622786522,267.7983452982668,MS
New_MS_010.wav,0.027026429772377014,260.197369116615,MS
New_MS_011.wav,0.026325948536396027,234.49585049788504,MS
New_MS_012.wav,0.029308410361409187,253.14360781691977,MS
New_MS_013.wav,0.029247693717479706,260.2378156698944,MS
New_MS_014.wav,0.030941249802708626,252.20524697751594,MS
New_MS_015.wav,0.0891793742775917,787.7682357285677,MS
New_MS_016.wav,0.10813035070896149,689.1980497774745,MS
New_MS_017.wav,0.10358825325965881,332.19310691740094,MS
New_MS_018.wav,0.10324186831712723,333.3629905171744,MS
New_MS_019.wav,0.10277383029460907,353.21022583905886,MS
New_MS_020.wav,0.10971526801586151,334.27666171657796,MS
New_MS_021.wav,0.05794837698340416,198.65969730597078,MS
New_MS_022.wav,0.060862381011247635,179.9961283537404,MS
New_MS_023.wav,0.06447122246026993,268.043031918582,MS
New_MS_024.wav,0.06833353638648987,253.2659608467958,MS
New_MS_025.wav,0.06076149642467499,260.67278289271775,MS
New_MS_026.wav,0.05970730632543564,176.7430147996174,MS
New_MS_027.wav,0.06641586124897003,261.2103718659365,MS
New_MS_028.wav,0.06505504250526428,274.48859449585495,MS
New_MS_029.wav,0.058816567063331604,172.52957078585,MS
New_MS_030.wav,0.060175489634275436,269.880021696375,MS
New_MS_031.wav,0.06433597207069397,282.6983979407078,MS
New_MS_032.wav,0.06663130223751068,268.36069806538933,MS
New_MS_033.wav,0.05800142139196396,187.49869455449883,MS
New_MS_034.wav,0.061011895537376404,177.4851139051099,MS
New_MS_035.wav,0.06497412174940109,196.51236970150646,MS
New_MS_036.wav,0.06656461209058762,195.0649929292029,MS
New_MS_037.wav,0.057662274688482285,205.1902733832372,MS
New_MS_038.wav,0.05785427615046501,179.985267140868,MS
New_MS_039.wav,0.06753886491060257,181.10658583254707,MS
New_MS_040.wav,0.06974635273218155,187.5152193687713,MS
New_MS_041.wav,0.057984158396720886,173.5867239295785,MS
New_MS_042.wav,0.05983393266797066,182.25607215501347,MS
New_MS_043.wav,0.06622061133384705,195.25927193952091,MS
New_MS_044.wav,0.067792147397995,182.80779526620012,MS
New_MS_045.wav,0.05795609578490257,190.21451845895027,MS
New_MS_046.wav,0.05904160812497139,176.82819552296237,MS
New_MS_047.wav,0.059221766889095306,180.15278228956365,MS
New_MS_048.wav,0.0612202063202858,179.22713801892448,MS
New_MS_049.wav,0.056450068950653076,378.2586526611521,MS
New_MS_050.wav,0.056383319199085236,363.92721121393066,MS
New_MS_051.wav,0.055150751024484634,369.5392272996886,MS
New_MS_052.wav,0.05727599933743477,373.2695821663243,MS
New_MS_053.wav,0.07237029820680618,277.6544433342931,MS
New_MS_054.wav,0.0730310007929802,269.38691749989255,MS
New_MS_055.wav,0.07308261841535568,278.679719770735,MS
New_MS_056.wav,0.07382386177778244,270.8811679309895,MS
New_MS_057.wav,0.07311323285102844,277.10371855917015,MS
New_MS_058.wav,0.0753316581249237,273.76495438494453,MS
New_MS_059.wav,0.06595022231340408,183.43482001303096,MS
New_MS_060.wav,0.06483927369117737,199.74380885174352,MS
New_MS_061.wav,0.05680142343044281,260.8237255345603,MS
New_MS_062.wav,0.05921204760670662,174.1249796034239,MS
New_MS_063.wav,0.0661054402589798,263.2584607273442,MS
New_MS_064.wav,0.06617981940507889,240.45617640632594,MS
New_MS_065.wav,0.05958918109536171,174.58609119404392,MS
New_MS_066.wav,0.05977671965956688,277.7990790884319,MS
New_MS_067.wav,0.06533721089363098,284.68724283170565,MS
New_MS_068.wav,0.06778048723936081,274.5191570044192,MS
New_MS_069.wav,0.05949520319700241,260.687252610036,MS
New_MS_070.wav,0.05844679847359657,187.5157136326538,MS
New_MS_071.wav,0.06586699932813644,197.0416830036018,MS
New_MS_072.wav,0.06699172407388687,184.2479058763127,MS
New_MS_073.wav,0.05877239629626274,197.9487727048684,MS
New_MS_074.wav,0.05811290070414543,181.54130896897058,MS
New_MS_075.wav,0.06714625656604767,197.79708442552712,MS
New_MS_076.wav,0.0661904588341713,185.55130918373945,MS
New_MS_077.wav,0.05834266170859337,175.66546764350085,MS
New_MS_078.wav,0.059029947966337204,188.0173070715999,MS
New_MS_079.wav,0.06494104117155075,212.3188502116025,MS
New_MS_080.wav,0.06643413007259369,192.81572830564735,MS
New_MS_081.wav,0.05899267643690109,182.08326634439902,MS
New_MS_082.wav,0.05800636112689972,173.99916315071636,MS
New_MS_083.wav,0.06506416946649551,190.3912434232627,MS
New_MS_084.wav,0.06511762738227844,191.35732492885322,MS
New_MS_085.wav,0.05803412199020386,180.45085513780114,MS
New_MS_086.wav,0.05733256787061691,190.91595195173565,MS
New_MS_087.wav,0.10593399405479431,610.4665822440995,MS
New_MS_088.wav,0.09085935354232788,783.0082255878757,MS
New_MS_089.wav,0.1035614162683487,732.2540533651353,MS
New_MS_090.wav,0.060869719833135605,368.481489884712,MS
New_MS_091.wav,0.05428394302725792,382.41543869538486,MS
New_MS_092.wav,0.05351768061518669,408.2167595432243,MS
New_MS_093.wav,0.054273273795843124,406.0706643688454,MS
New_MS_094.wav,0.05437624827027321,402.04667826618834,MS
New_MS_095.wav,0.05666015297174454,387.63219094115016,MS
New_MS_096.wav,0.05444537475705147,403.98556811486065,MS
New_MS_097.wav,0.05675836279988289,400.40307531933274,MS
New_MS_098.wav,0.05224299803376198,393.3977199072723,MS
New_MS_099.wav,0.05563167482614517,398.9341584089228,MS
New_MS_100.wav,0.05516267567873001,376.2077214485012,MS
New_MS_101.wav,0.05420997738838196,390.95404595774926,MS
New_MS_102.wav,0.052218690514564514,410.96196172600185,MS
New_MS_103.wav,0.052150677889585495,397.37809051522464,MS
New_MS_104.wav,0.05325823277235031,399.65220264880116,MS
New_MS_105.wav,0.056822896003723145,381.72745476462256,MS
New_MS_106.wav,0.05530430004000664,389.8228372480057,MS
New_MS_107.wav,0.05797228589653969,392.4351533367002,MS
New_MS_108.wav,0.0549604706466198,387.54612314259947,MS
New_MS_109.wav,0.05175359919667244,391.75294565033624,MS
New_MS_110.wav,0.05313083902001381,388.80663292872345,MS
New_MS_111.wav,0.056764326989650726,371.4349169025519,MS
New_MS_112.wav,0.053588829934597015,376.5518900122957,MS
New_MS_113.wav,0.048438288271427155,401.5481447222724,MS
New_MS_114.wav,0.053035758435726166,404.8379273336374,MS
New_MS_115.wav,0.05368431657552719,395.6268866436827,MS
New_MS_116.wav,0.056296456605196,395.0421196220646,MS
New_MS_117.wav,0.05608047917485237,443.41011491349053,MS
New_MS_118.wav,0.10407154262065887,730.4020745068565,MS
New_MS_119.wav,0.08497384190559387,158.139146143155,MS
New_MS_120.wav,0.08555495738983154,169.93417600939233,MS
New_MS_121.wav,0.08017593622207642,176.74122067872193,MS
New_MS_122.wav,0.08313968032598495,171.24370892091403,MS
New_MS_123.wav,0.0779685229063034,175.93546972481664,MS
New_MS_124.wav,0.08343663066625595,163.93678922227716,MS
New_MS_125.wav,0.03604712337255478,140.43859684260823,MS
New_MS_126.wav,0.03575560823082924,139.4488872081354,MS
New_MS_127.wav,0.03578221797943115,142.09696819442672,MS
New_MS_128.wav,0.036522913724184036,144.01931490905162,MS
New_MS_129.wav,0.06186169013381004,580.32823924722,MS
New_MS_130.wav,0.06262782961130142,585.2234092583899,MS
New_MS_131.wav,0.06333039700984955,622.6358829612342,MS
New_MS_132.wav,0.0616525337100029,609.0972646455494,MS
New_MS_133.wav,0.055124230682849884,625.7766965875136,MS
New_MS_134.wav,0.05289946496486664,610.8330882051016,MS
New_MS_135.wav,0.05276654288172722,619.3301518519471,MS
New_MS_136.wav,0.05083107948303223,610.6431160369882,MS
New_MS_137.wav,0.048950549215078354,620.3608718717738,MS
New_MS_138.wav,0.05562588572502136,610.902712137843,MS
New_MS_139.wav,0.052332013845443726,612.612122600741,MS
New_MS_140.wav,0.04619371145963669,597.8615557132281,MS
New_MS_141.wav,0.05201283097267151,596.8377994238971,MS
New_MS_142.wav,0.055109988898038864,590.64493805213,MS
New_MS_143.wav,0.06168065220117569,617.6818514987332,MS
New_MS_144.wav,0.06474553793668747,602.2952808638418,MS
New_MS_145.wav,0.062450725585222244,614.4497548788727,MS
New_MS_146.wav,0.059591785073280334,609.0666198143248,MS
New_MS_147.wav,0.05590705946087837,619.8984808305631,MS
New_MS_148.wav,0.05520670861005783,595.2886874631764,MS
New_MS_149.wav,0.052786245942115784,607.045203242177,MS
New_MS_150.wav,0.05211329832673073,615.103517641631,MS
New_MS_151.wav,0.04951411858201027,628.2183249747548,MS
New_MS_152.wav,0.05613003671169281,617.7516048737704,MS
New_MS_153.wav,0.0519116148352623,614.0211112716883,MS
New_MS_154.wav,0.04398241639137268,617.6718789826813,MS
New_MS_155.wav,0.05229592323303223,592.1929925132708,MS
New_MS_156.wav,0.053882889449596405,597.2711205026515,MS
New_MS_157.wav,0.06009680777788162,614.594597224507,MS
New_MS_158.wav,0.06244894862174988,601.0025625582857,MS
New_MS_159.wav,0.06184589862823486,614.7150907963974,MS
New_MS_160.wav,0.06134669855237007,601.7146913256155,MS
New_MS_161.wav,0.056278448551893234,610.672937455775,MS
New_MS_162.wav,0.05545145645737648,591.3362676621136,MS
New_MS_163.wav,0.04685243219137192,611.9906826764275,MS
New_MS_164.wav,0.056332238018512726,608.1103040341113,MS
New_MS_165.wav,0.053414538502693176,622.663424003875,MS
New_MS_166.wav,0.051511216908693314,616.1490079055396,MS
New_MS_167.wav,0.04854065552353859,604.9987649083977,MS
New_MS_168.wav,0.0523173026740551,600.8941500045186,MS
New_MS_169.wav,0.021988725289702415,753.9462982586459,MS
New_MS_170.wav,0.022014696151018143,754.0694817954261,MS
New_MS_171.wav,0.021652845665812492,720.8155272662855,MS
New_MS_172.wav,0.020896723493933678,387.7360574717718,MS
New_MS_173.wav,0.020625479519367218,398.51162125899657,MS
New_MS_174.wav,0.02363959699869156,346.1115454229362,MS
New_MS_175.wav,0.02293364331126213,347.2256935166607,MS
New_MS_176.wav,0.024800054728984833,288.3556510449444,MS
New_MS_178.wav,0.023972216993570328,292.09706469324914,MS
New_MS_177.wav,0.02557164430618286,289.44383958952073,MS
New_MS_179.wav,0.0236526932567358,290.05406970423076,MS
New_MS_180.wav,0.06452994793653488,196.99819831702362,MS
New_MS_181.wav,0.06693129241466522,189.80463070598,MS
New_MS_182.wav,0.058462802320718765,263.3724013157574,MS
New_MS_183.wav,0.05852532014250755,176.12730195438456,MS
New_MS_184.wav,0.06545601785182953,254.37423236799987,MS
New_MS_185.wav,0.06639792770147324,269.6093216291994,MS
New_MS_186.wav,0.05887797847390175,175.75700072085667,MS
New_MS_187.wav,0.06019316986203194,261.5428136423793,MS
New_MS_188.wav,0.06475523859262466,270.87140812343534,MS
New_MS_189.wav,0.06577303260564804,268.20480905206813,MS
New_MS_190.wav,0.058226559311151505,278.28895513460554,MS
New_MS_191.wav,0.05998189374804497,182.31423675272302,MS
New_MS_192.wav,0.0641273781657219,184.5187311140634,MS
New_MS_193.wav,0.06652995944023132,178.23750990256846,MS
New_MS_194.wav,0.05932896211743355,185.85152301273052,MS
New_MS_195.wav,0.0594988688826561,175.10197441092433,MS
New_MS_196.wav,0.06488349288702011,195.03905093785266,MS
New_MS_197.wav,0.06645288318395615,183.96476537148376,MS
New_MS_198.wav,0.05719399079680443,193.40459986240236,MS
New_MS_199.wav,0.057779181748628616,186.6217971644204,MS
New_MS_200.wav,0.06576036661863327,196.03804838384056,MS
New_MVP_001.wav,0.053291596472263336,903.5830567296273,MVP
New_MVP_002.wav,0.12701424956321716,900.5759883397062,MVP
New_MVP_003.wav,0.08679439127445221,1157.5524500496172,MVP
New_MVP_004.wav,0.06117621436715126,391.50281685668466,MVP
New_MVP_005.wav,0.06125396490097046,379.5417038830709,MVP
New_MVP_006.wav,0.059534840285778046,379.89981046922395,MVP
New_MVP_007.wav,0.06027024984359741,377.59397860687267,MVP
New_MVP_008.wav,0.057807885110378265,383.0322796832157,MVP
New_MVP_009.wav,0.05979309231042862,381.23492924181147,MVP
New_MVP_010.wav,0.05886823683977127,405.26668610318944,MVP
New_MVP_011.wav,0.057884227484464645,386.55206897613573,MVP
New_MVP_012.wav,0.058789703994989395,387.0792369258328,MVP
New_MVP_013.wav,0.06010977178812027,387.9071024583823,MVP
New_MVP_014.wav,0.059235114604234695,374.5830131481585,MVP
New_MVP_015.wav,0.061219725757837296,393.66939739114054,MVP
New_MVP_016.wav,0.06038232892751694,399.748128926011,MVP
New_MVP_017.wav,0.060325223952531815,380.08975198502606,MVP
New_MVP_018.wav,0.05725684016942978,407.0506830170771,MVP
New_MVP_019.wav,0.05973466485738754,393.36976640526564,MVP
New_MVP_020.wav,0.057998280972242355,398.62670309688184,MVP
New_MVP_021.wav,0.05980740115046501,383.82424215966245,MVP
New_MVP_022.wav,0.06010971963405609,373.279288212147,MVP
New_MVP_023.wav,0.05953843519091606,385.4332013817598,MVP
New_MVP_024.wav,0.059387873858213425,381.364645518785,MVP
New_MVP_025.wav,0.06087733060121536,387.10878400159635,MVP
New_MVP_026.wav,0.05880693346261978,396.85471796692457,MVP
New_MVP_027.wav,0.06214277446269989,398.92616999541787,MVP
New_MVP_028.wav,0.0592348650097847,394.39276126762974,MVP
New_MVP_029.wav,0.05865307152271271,391.24563576668055,MVP
New_MVP_030.wav,0.07922565191984177,385.45362450865537,MVP
New_MVP_031.wav,0.08377155661582947,397.5548577737916,MVP
New_MVP_033.wav,0.07777219265699387,397.5377605195447,MVP
New_MVP_032.wav,0.0778651311993599,394.09997973468893,MVP
New_MVP_034.wav,0.07885187864303589,387.9437417063455,MVP
New_MVP_035.wav,0.08015844970941544,380.69833970101394,MVP
New_MVP_036.wav,0.0791362002491951,394.71653717081796,MVP
New_MVP_037.wav,0.07901790738105774,381.7506020300309,MVP
New_MVP_038.wav,0.07801847904920578,382.31399666803395,MVP
New_MVP_039.wav,0.07773511111736298,392.8084260576677,MVP
New_MVP_040.wav,0.08100657910108566,392.2586934671601,MVP
New_MVP_041.wav,0.08244152367115021,388.070834254523,MVP
New_MVP_042.wav,0.07934514433145523,388.82944293015674,MVP
New_MVP_043.wav,0.08108067512512207,389.7650050359211,MVP
New_MVP_044.wav,0.08146349340677261,394.68626746984427,MVP
New_MVP_045.wav,0.08045133203268051,394.18985287017364,MVP
New_MVP_046.wav,0.0815742164850235,391.3772685207262,MVP
New_MVP_047.wav,0.08205588161945343,381.5302105274026,MVP
New_MVP_048.wav,0.0743010938167572,389.1392043525745,MVP
New_MVP_049.wav,0.0792548879981041,397.8078691173044,MVP
New_MVP_050.wav,0.0772385224699974,393.6534115345159,MVP
New_MVP_051.wav,0.08451177179813385,393.5037361787449,MVP
New_MVP_052.wav,0.08144527673721313,382.76442932542113,MVP
New_MVP_053.wav,0.0802839919924736,386.39905956419165,MVP
New_MVP_054.wav,0.07768446952104568,409.9946410439782,MVP
New_MVP_055.wav,0.07820076495409012,392.0976329470898,MVP
New_MVP_056.wav,0.07983222603797913,386.4758026820408,MVP
New_MVP_057.wav,0.08110509812831879,386.2825776739248,MVP
New_MVP_058.wav,0.07437225431203842,407.60587898008043,MVP
New_MVP_059.wav,0.07684128731489182,399.1438394225539,MVP
New_MVP_060.wav,0.07716409862041473,392.624767412707,MVP
New_MVP_061.wav,0.08011321723461151,386.408904516308,MVP
New_MVP_062.wav,0.07946566492319107,390.463694540487,MVP
New_MVP_063.wav,0.07989013940095901,395.03025403264473,MVP
New_MVP_064.wav,0.037154242396354675,433.1231643529665,MVP
New_MVP_065.wav,0.03763559088110924,434.4741242984218,MVP
New_MVP_066.wav,0.0374164879322052,418.0429582556719,MVP
New_MVP_067.wav,0.03716491907835007,427.35123242056835,MVP
New_MVP_068.wav,0.03682427108287811,432.79279703507586,MVP
New_MVP_069.wav,0.03628375753760338,414.2185098985992,MVP
New_MVP_070.wav,0.035715486854314804,417.0920621423988,MVP
New_MVP_071.wav,0.036937251687049866,424.043393383067,MVP
New_MVP_072.wav,0.03789215162396431,417.9454414719978,MVP
New_MVP_073.wav,0.038837261497974396,421.11285831018006,MVP
New_MVP_074.wav,0.036920055747032166,424.209352671593,MVP
New_MVP_075.wav,0.03706061467528343,436.9226542286568,MVP
New_MVP_076.wav,0.03733495995402336,421.55367244483017,MVP
New_MVP_077.wav,0.036448344588279724,419.4240061900732,MVP
New_MVP_078.wav,0.036551833152770996,426.454805454937,MVP
New_MVP_079.wav,0.03909630700945854,435.3932718003305,MVP
New_MVP_080.wav,0.03806992620229721,418.7154767508471,MVP
New_MVP_081.wav,0.03858765587210655,418.2688211032005,MVP
New_MVP_082.wav,0.03627748414874077,422.5990082506616,MVP
New_MVP_083.wav,0.03850195184350014,432.0141278005835,MVP
New_MVP_084.wav,0.036049775779247284,439.248450138522,MVP
New_MVP_085.wav,0.03815283626317978,433.3527049599547,MVP
New_MVP_086.wav,0.03815758600831032,414.893860644215,MVP
New_MVP_087.wav,0.038523487746715546,421.4694912258251,MVP
New_MVP_088.wav,0.036850739270448685,442.338600727436,MVP
New_MVP_089.wav,0.03747101500630379,423.9010574230428,MVP
New_MVP_090.wav,0.036792997270822525,422.813105743752,MVP
New_MVP_091.wav,0.03851825371384621,426.1745321264597,MVP
New_MVP_092.wav,0.0356060229241848,435.24949072792725,MVP
New_MVP_093.wav,0.03676796704530716,443.3718107121317,MVP
New_MVP_094.wav,0.036620091646909714,428.80908030743296,MVP
New_MVP_095.wav,0.03835128992795944,416.9586185970573,MVP
New_MVP_096.wav,0.03681643679738045,425.50713485184167,MVP
New_MVP_097.wav,0.03635139763355255,434.2852195746387,MVP
New_MVP_098.wav,0.07545892149209976,223.82339442143697,MVP
New_MVP_099.wav,0.08191173523664474,238.18694442598678,MVP
New_MVP_100.wav,0.08930867165327072,225.4748506182731,MVP
New_MVP_101.wav,0.07964882999658585,246.21728794947032,MVP
New_MVP_102.wav,0.08457864075899124,237.0780614497788,MVP
New_MVP_103.wav,0.07709550857543945,241.73448613346673,MVP
New_MVP_104.wav,0.048257652670145035,610.6788747960379,MVP
New_MVP_105.wav,0.041417401283979416,194.6344385668778,MVP
New_MVP_106.wav,0.03202652186155319,228.38613721552983,MVP
New_MVP_107.wav,0.033362433314323425,225.10112927550068,MVP
New_MVP_108.wav,0.03187321126461029,235.40514156575156,MVP
New_MVP_109.wav,0.027653874829411507,836.7538429946787,MVP
New_MVP_110.wav,0.028069691732525826,835.843559813392,MVP
New_MVP_111.wav,0.022453611716628075,917.7774663193263,MVP
New_MVP_112.wav,0.022615928202867508,933.2798109930588,MVP
New_MVP_113.wav,0.021346982568502426,941.9975258029656,MVP
New_MVP_114.wav,0.02291511557996273,937.1671828106345,MVP
New_MVP_115.wav,0.022164201363921165,946.6954814941041,MVP
New_MVP_116.wav,0.022679222747683525,940.71976422197,MVP
New_MVP_117.wav,0.022395465523004532,942.3100016840624,MVP
New_MVP_118.wav,0.021519744768738747,935.5195385554011,MVP
New_MVP_119.wav,0.022628730162978172,936.2854866027486,MVP
New_MVP_120.wav,0.022153878584504128,939.9757356430343,MVP
New_MVP_121.wav,0.021608931943774223,934.8422949092015,MVP
New_MVP_122.wav,0.022736122831702232,944.7760926739026,MVP
New_MVP_123.wav,0.033808350563049316,283.7855302839261,MVP
New_MVP_124.wav,0.03978431224822998,286.59059149560466,MVP
New_MVP_125.wav,0.05032624676823616,263.60594806673635,MVP
New_MVP_126.wav,0.056832388043403625,267.83455127330285,MVP
New_MVP_127.wav,0.0767689049243927,220.07068440662775,MVP
New_MVP_128.wav,0.0803317055106163,221.9645636150923,MVP
New_MVP_129.wav,0.08084554970264435,229.05427553289067,MVP
New_MVP_130.wav,0.06031949445605278,268.8324214501479,MVP
New_MVP_131.wav,0.03454989194869995,301.93314109405503,MVP
New_MVP_132.wav,0.04422682151198387,269.6061863587754,MVP
New_MVP_133.wav,0.05551232025027275,251.04763150686986,MVP
New_MVP_134.wav,0.05945693701505661,262.6680819578146,MVP
New_MVP_135.wav,0.08570876717567444,204.58988335929584,MVP
New_MVP_136.wav,0.08271816372871399,251.02492258066016,MVP
New_MVP_137.wav,0.0788223147392273,231.98092703446554,MVP
New_MVP_138.wav,0.04943453520536423,268.5368406852548,MVP
New_MVP_139.wav,0.03852526471018791,303.8741246666259,MVP
New_MVP_140.wav,0.04504215717315674,278.15425937869605,MVP
New_MVP_141.wav,0.05531836673617363,291.0990821649699,MVP
New_MVP_142.wav,0.06871408969163895,237.52741079789644,MVP
New_MVP_143.wav,0.07902158051729202,230.85524247748722,MVP
New_MVP_144.wav,0.08237916231155396,242.63446848199592,MVP
New_MVP_145.wav,0.05895068868994713,276.2003895886405,MVP
New_MVP_146.wav,0.033117443323135376,294.6726695918736,MVP
New_MVP_147.wav,0.043848324567079544,298.1273767867647,MVP
New_MVP_148.wav,0.04988354817032814,261.2343538206706,MVP
New_MVP_149.wav,0.05700869858264923,270.93769884364133,MVP
New_MVP_150.wav,0.07820399105548859,217.6598616584082,MVP
New_MVP_151.wav,0.0832848846912384,237.188660010057,MVP
New_MVP_152.wav,0.08306720852851868,226.6236597578835,MVP
New_MVP_153.wav,0.04805712774395943,302.15132185047617,MVP
New_MVP_154.wav,0.03480737656354904,300.58534082532213,MVP
New_MVP_155.wav,0.045168787240982056,284.1456306456973,MVP
New_MVP_156.wav,0.05400379002094269,257.0196618028031,MVP
New_MVP_157.wav,0.0665324404835701,243.83089886403246,MVP
New_MVP_158.wav,0.08546983450651169,206.80056214656605,MVP
New_MVP_159.wav,0.08141721785068512,252.8339966950527,MVP
New_MVP_160.wav,0.0764782577753067,262.50907511668225,MVP
New_MVP_161.wav,0.0333651527762413,293.6890122871905,MVP
New_MVP_162.wav,0.03879357501864433,307.1484333518115,MVP
New_MVP_163.wav,0.04917409271001816,257.73326141838055,MVP
New_MVP_164.wav,0.05532900616526604,265.21765253383774,MVP
New_MVP_165.wav,0.07768341153860092,216.32976167833564,MVP
New_MVP_166.wav,0.07891873270273209,229.37179253187472,MVP
New_MVP_167.wav,0.08179755508899689,234.52129330518352,MVP
New_MVP_168.wav,0.05934903770685196,275.5390982145313,MVP
New_MVP_169.wav,0.03442033380270004,306.8307052435775,MVP
New_MVP_170.wav,0.04386246204376221,270.07186559549507,MVP
New_MVP_171.wav,0.05518157780170441,263.61374636856215,MVP
New_MVP_172.wav,0.05895059555768967,272.8390451970545,MVP
New_MVP_173.wav,0.0842951089143753,214.58836469947917,MVP
New_MVP_174.wav,0.08423642069101334,225.6011322835273,MVP
New_MVP_175.wav,0.02237137407064438,925.3740822943736,MVP
New_MVP_176.wav,0.026713894680142403,871.6376559435264,MVP
New_MVP_177.wav,0.02993072383105755,349.4972742623559,MVP
New_MVP_178.wav,0.03022726997733116,367.00021790127767,MVP
New_MVP_179.wav,0.020338602364063263,386.0172759128127,MVP
New_MVP_180.wav,0.020817654207348824,372.8965629515584,MVP
New_MVP_181.wav,0.0213672686368227,390.9481550896402,MVP
New_MVP_182.wav,0.021190306171774864,372.25250439469,MVP
New_MVP_183.wav,0.020646201446652412,388.2464234391046,MVP
New_MVP_184.wav,0.02262762188911438,351.5480271823104,MVP
New_MVP_185.wav,0.02266043983399868,928.3075682334942,MVP
New_MVP_186.wav,0.02710231952369213,868.9320457161001,MVP
New_MVP_187.wav,0.022272856906056404,925.4088814442183,MVP
New_MVP_188.wav,0.027529891580343246,871.74488870121,MVP
New_MVP_189.wav,0.026312174275517464,934.2544225967006,MVP
New_MVP_190.wav,0.025758743286132812,945.0579631638158,MVP
New_MVP_191.wav,0.08176819980144501,236.35903261910184,MVP
New_MVP_192.wav,0.09168476611375809,230.66114065008537,MVP
New_MVP_193.wav,0.07960951328277588,236.95140571611196,MVP
New_MVP_194.wav,0.08146950602531433,229.49845554078732,MVP
New_MVP_195.wav,0.07652731239795685,239.63657630811147,MVP
New_MVP_196.wav,0.07364759594202042,235.26587129410507,MVP
New_MVP_197.wav,0.04627573490142822,473.78830154975685,MVP
New_MVP_198.wav,0.04336494207382202,494.8795580893614,MVP
New_MVP_199.wav,0.02965201437473297,1049.285757889719,MVP
New_MVP_200.wav,0.029348105192184448,1031.0925556238126,MVP
New_N_001.wav,0.07183289527893066,308.7673116828391,N
New_N_002.wav,0.07257027179002762,320.3476952924604,N
New_N_003.wav,0.07505447417497635,317.7654884211883,N
New_N_004.wav,0.07534558326005936,311.7648393005895,N
New_N_005.wav,0.07465654611587524,323.75675347927665,N
New_N_006.wav,0.07647525519132614,305.7899477315763,N
New_N_007.wav,0.07543584704399109,318.4455780335717,N
New_N_008.wav,0.07467285543680191,317.0394862021746,N
New_N_009.wav,0.07557087391614914,300.2184329570903,N
New_N_010.wav,0.07516970485448837,324.38941888354475,N
New_N_011.wav,0.07647188007831573,307.4322562538545,N
New_N_012.wav,0.07440689206123352,318.2074036836841,N
New_N_013.wav,0.07467282563447952,301.90560524489126,N
New_N_014.wav,0.07632480561733246,307.8266731710935,N
New_N_015.wav,0.0767827183008194,309.6154392847578,N
New_N_016.wav,0.07578939944505692,317.12579571771755,N
New_N_017.wav,0.07835333794355392,315.3581365276929,N
New_N_018.wav,0.07542851567268372,313.4599457167885,N
New_N_019.wav,0.07781557738780975,322.54396652103685,N
New_N_020.wav,0.07693358510732651,309.3416248496944,N
New_N_021.wav,0.07684925943613052,309.2642954496232,N
New_N_022.wav,0.07866759598255157,310.9334428323605,N
New_N_023.wav,0.07461168617010117,311.7421876590663,N
New_N_024.wav,0.07547898590564728,307.2486957750881,N
New_N_025.wav,0.07296784967184067,304.3799387746547,N
New_N_026.wav,0.07409494370222092,303.3303678667003,N
New_N_027.wav,0.07400717586278915,311.6065468100679,N
New_N_028.wav,0.07764369249343872,303.1216056707299,N
New_N_029.wav,0.07589789479970932,307.5252940034811,N
New_N_030.wav,0.07761472463607788,313.66880971243364,N
New_N_031.wav,0.07460010051727295,310.55902413509176,N
New_N_032.wav,0.07606880366802216,303.3711066922542,N
New_N_033.wav,0.07581325620412827,313.0096208906047,N
New_N_034.wav,0.071429044008255,310.84405526221275,N
New_N_035.wav,0.07456796616315842,301.10586504671153,N
New_N_036.wav,0.07490305602550507,301.7864087710358,N
New_N_037.wav,0.07562964409589767,1057.2364758922004,N
New_N_038.wav,0.07675395160913467,1064.18440296272,N
New_N_039.wav,0.07753303647041321,1049.3217300742872,N
New_N_040.wav,0.08055728673934937,1034.591456584897,N
New_N_041.wav,0.0760735496878624,372.8068348566167,N
New_N_042.wav,0.07620082795619965,382.5981864928937,N
New_N_043.wav,0.07416370511054993,385.5184468432799,N
New_N_044.wav,0.07746071368455887,382.25930786692754,N
New_N_045.wav,0.07244253158569336,392.07258982804075,N
New_N_046.wav,0.0725942924618721,390.1106177111343,N
New_N_047.wav,0.07431341707706451,378.9901756196625,N
New_N_048.wav,0.07428470253944397,384.29969393648594,N
New_N_049.wav,0.0761386826634407,380.5525729017134,N
New_N_050.wav,0.0770178884267807,376.13187032305535,N
New_N_051.wav,0.0744716003537178,384.98919605027504,N
New_N_052.wav,0.07736677676439285,387.1983017769889,N
New_N_053.wav,0.07480432838201523,388.2370595552085,N
New_N_054.wav,0.07516270875930786,392.533476025324,N
New_N_055.wav,0.07677929848432541,389.2480944450143,N
New_N_056.wav,0.0755251795053482,382.89164980438665,N
New_N_057.wav,0.0738743245601654,393.5178055759388,N
New_N_058.wav,0.07639401406049728,381.1503399755212,N
New_N_059.wav,0.07294284552335739,385.68510044737553,N
New_N_060.wav,0.07381334155797958,390.01400628840935,N
New_N_061.wav,0.07655111700296402,384.66849751357597,N
New_N_062.wav,0.07535803318023682,385.32585731043156,N
New_N_063.wav,0.0771854892373085,393.9793657749987,N
New_N_064.wav,0.07646118104457855,389.3594938141796,N
New_N_065.wav,0.07475129514932632,398.62011044020613,N
New_N_066.wav,0.07524647563695908,390.3097820151144,N
New_N_067.wav,0.0768093541264534,381.2251259311859,N
New_N_068.wav,0.07900121808052063,422.4520760541399,N
New_N_069.wav,0.07834465056657791,290.11213658208203,N
New_N_070.wav,0.07768156379461288,300.207612786056,N
New_N_071.wav,0.07760568708181381,304.6169287402298,N
New_N_072.wav,0.07862917333841324,307.18151141078357,N
New_N_073.wav,0.0783749520778656,294.82702203390005,N
New_N_074.wav,0.07863335311412811,304.19092656959566,N
New_N_075.wav,0.07742905616760254,295.14202247901454,N
New_N_076.wav,0.07912132889032364,289.4237156236414,N
New_N_077.wav,0.07892651110887527,303.31098362845904,N
New_N_078.wav,0.0794948935508728,305.447843536511,N
New_N_079.wav,0.07824326306581497,298.8676101366205,N
New_N_080.wav,0.07902642339468002,303.78830187349496,N
New_N_081.wav,0.07656417787075043,307.4021335263747,N
New_N_082.wav,0.07939476519823074,302.40922352322406,N
New_N_083.wav,0.07670490443706512,307.66486019650614,N
New_N_084.wav,0.08186981081962585,306.5313844068719,N
New_N_085.wav,0.07629505544900894,310.49285524252815,N
New_N_086.wav,0.07750151306390762,321.9842370672405,N
New_N_087.wav,0.07937225699424744,304.5874158960466,N
New_N_088.wav,0.07939185202121735,304.1441875933681,N
New_N_089.wav,0.07743426412343979,316.564534514266,N
New_N_090.wav,0.0775127187371254,311.3965155355007,N
New_N_091.wav,0.07832621783018112,316.2858148247464,N
New_N_092.wav,0.07803250849246979,308.69016365432776,N
New_N_093.wav,0.08008236438035965,310.67490171732874,N
New_N_094.wav,0.07842452079057693,307.24157701171026,N
New_N_095.wav,0.07835087925195694,304.95040244848417,N
New_N_096.wav,0.07715777307748795,301.662290992278,N
New_N_097.wav,0.07838893681764603,298.8650574722164,N
New_N_098.wav,0.07953623682260513,293.84299593816434,N
New_N_099.wav,0.07540420442819595,384.4101604539162,N
New_N_100.wav,0.07676299661397934,385.49763603938993,N
New_N_101.wav,0.07513441890478134,385.74239820683374,N
New_N_102.wav,0.07684803009033203,382.4460781731355,N
New_N_103.wav,0.0742226243019104,391.4390873103908,N
New_N_104.wav,0.07573705166578293,382.51337061170443,N
New_N_105.wav,0.07411470264196396,390.48160560347793,N
New_N_106.wav,0.07513342052698135,385.6391780435155,N
New_N_107.wav,0.07518769800662994,384.7658993507005,N
New_N_108.wav,0.07872997969388962,381.1299840490332,N
New_N_109.wav,0.07388097792863846,385.8529389146176,N
New_N_110.wav,0.07446753978729248,386.1195523894027,N
New_N_111.wav,0.07366833835840225,390.66228700305993,N
New_N_112.wav,0.0776144415140152,385.70758055204107,N
New_N_113.wav,0.07553030550479889,389.6713249786593,N
New_N_114.wav,0.07660363614559174,385.43742499310514,N
New_N_115.wav,0.07534490525722504,390.3346549638132,N
New_N_116.wav,0.07663010060787201,384.4511784616281,N
New_N_117.wav,0.07492581009864807,388.77551964491414,N
New_N_118.wav,0.07806842029094696,384.9734326986169,N
New_N_119.wav,0.07493431121110916,393.85709916104173,N
New_N_120.wav,0.07333798706531525,392.98458378612855,N
New_N_121.wav,0.07593333721160889,388.78220102979583,N
New_N_122.wav,0.07730742543935776,385.63157037446695,N
New_N_123.wav,0.0740036815404892,387.05118525830545,N
New_N_124.wav,0.07815350592136383,387.6674696785366,N
New_N_125.wav,0.07882886379957199,444.53306026762266,N
New_N_126.wav,0.04638246074318886,364.13126513784687,N
New_N_127.wav,0.04652079939842224,365.88765363852195,N
New_N_128.wav,0.04396171122789383,378.33879794287014,N
New_N_129.wav,0.04689091816544533,368.351365018439,N
New_N_130.wav,0.04491829127073288,381.376961633968,N
New_N_131.wav,0.04517610743641853,368.2843794614485,N
New_N_132.wav,0.046590663492679596,373.56866235126506,N
New_N_133.wav,0.04623604193329811,363.50100085828706,N
New_N_134.wav,0.044588226824998856,364.2285769774956,N
New_N_135.wav,0.04520031809806824,353.69638794434394,N
New_N_136.wav,0.044789135456085205,379.1526006055828,N
New_N_137.wav,0.04555635154247284,367.49839950389566,N
New_N_138.wav,0.0443766750395298,364.03593188885253,N
New_N_139.wav,0.045749031007289886,381.44283984663207,N
New_N_140.wav,0.0448509082198143,369.9366268810346,N
New_N_141.wav,0.04490262642502785,357.1744300058378,N
New_N_142.wav,0.045776285231113434,362.2987112710365,N
New_N_143.wav,0.04410120099782944,368.9152183617118,N
New_N_144.wav,0.04497312754392624,373.5973097368857,N
New_N_145.wav,0.046047672629356384,351.12045488166433,N
New_N_146.wav,0.04553378000855446,372.8931426665321,N
New_N_147.wav,0.04575198516249657,372.02891315267476,N
New_N_148.wav,0.045465607196092606,376.44725881433624,N
New_N_149.wav,0.04646145552396774,373.60738973493164,N
New_N_150.wav,0.044792212545871735,382.83009821525917,N
New_N_151.wav,0.04529966786503792,364.79663511115825,N
New_N_152.wav,0.044692251831293106,360.3210201270988,N
New_N_153.wav,0.04588785022497177,354.4605153733165,N
New_N_154.wav,0.04323211684823036,358.8547641739584,N
New_N_155.wav,0.04414353147149086,354.80218147929963,N
New_N_156.wav,0.043577615171670914,372.63858963069947,N
New_N_157.wav,0.05127380043268204,339.2463939033045,N
New_N_158.wav,0.06723399460315704,304.8567678868017,N
New_N_159.wav,0.07212071120738983,314.21690257526575,N
New_N_160.wav,0.07518769055604935,321.7412117796725,N
New_N_161.wav,0.07578819245100021,305.43217375661396,N
New_N_162.wav,0.07582412660121918,303.05965099387936,N
New_N_163.wav,0.07389698177576065,327.8151901431308,N
New_N_164.wav,0.07638618350028992,321.5463819968968,N
New_N_165.wav,0.07795644551515579,311.7072195673514,N
New_N_166.wav,0.07403819262981415,313.7854619149028,N
New_N_167.wav,0.07705594599246979,300.3118351944842,N
New_N_168.wav,0.07375079393386841,303.3498105336119,N
New_N_169.wav,0.07567796111106873,303.38746170520056,N
New_N_170.wav,0.07831082493066788,307.23959032678187,N
New_N_171.wav,0.0781785249710083,308.02350195488145,N
New_N_172.wav,0.07423979043960571,307.12566213484104,N
New_N_173.wav,0.07364974170923233,314.4290734086685,N
New_N_174.wav,0.07703781872987747,311.5032741889139,N
New_N_175.wav,0.07557456195354462,316.1807334999041,N
New_N_176.wav,0.07559023052453995,306.54615633375903,N
New_N_177.wav,0.07712917774915695,309.3249390153552,N
New_N_178.wav,0.07410553097724915,306.33714745673444,N
New_N_179.wav,0.07613115012645721,314.23713330523583,N
New_N_180.wav,0.07633595168590546,317.9412614380316,N
New_N_181.wav,0.07658343762159348,310.4651125664378,N
New_N_182.wav,0.07463282346725464,301.997999937207,N
New_N_183.wav,0.07385113835334778,320.4935565311309,N
New_N_184.wav,0.07530965656042099,327.37841212796445,N
New_N_185.wav,0.07965384423732758,306.47294853345977,N
New_N_186.wav,0.0766412615776062,315.9274870905008,N
New_N_187.wav,0.07508928328752518,315.4526148762503,N
New_N_188.wav,0.07494629174470901,310.64143497253235,N
New_N_189.wav,0.077933169901371,310.5482154935174,N
New_N_190.wav,0.07657244801521301,312.6259447347424,N
New_N_191.wav,0.07770595699548721,308.5353681788347,N
New_N_192.wav,0.07607437670230865,308.83769061102106,N
New_N_193.wav,0.07844479382038116,297.6863974201533,N
New_N_194.wav,0.023827485740184784,472.3330588834169,N
New_N_195.wav,0.02254265733063221,514.3337076456345,N
New_N_196.wav,0.022718532010912895,534.2050056156315,N
New_N_197.wav,0.022761229425668716,531.702198742438,N
New_N_198.wav,0.023725345730781555,522.0664319456847,N
New_N_199.wav,0.023440171033143997,582.3393886520442,N
New_N_200.wav,0.02011916972696781,519.8563027178692,N
