filename,rms,label
New_AS_001.wav,0.1510380059480667,AS
New_AS_002.wav,0.1512194722890854,AS
New_AS_003.wav,0.1504136621952057,AS
New_AS_004.wav,0.15078772604465485,AS
New_AS_005.wav,0.14834947884082794,AS
New_AS_006.wav,0.14896541833877563,AS
New_AS_007.wav,0.1491008847951889,AS
New_AS_008.wav,0.15207044780254364,AS
New_AS_009.wav,0.14925064146518707,AS
New_AS_010.wav,0.15040436387062073,AS
New_AS_011.wav,0.15103836357593536,AS
New_AS_012.wav,0.14952029287815094,AS
New_AS_013.wav,0.14714819192886353,AS
New_AS_014.wav,0.1486264169216156,AS
New_AS_015.wav,0.14819344878196716,AS
New_AS_016.wav,0.16109465062618256,AS
New_AS_017.wav,0.15197597444057465,AS
New_AS_018.wav,0.15033942461013794,AS
New_AS_019.wav,0.15028716623783112,AS
New_AS_020.wav,0.15004980564117432,AS
New_AS_021.wav,0.14913514256477356,AS
New_AS_022.wav,0.15006446838378906,AS
New_AS_023.wav,0.1482161432504654,AS
New_AS_024.wav,0.1390894651412964,AS
New_AS_025.wav,0.04933268204331398,AS
New_AS_026.wav,0.049468159675598145,AS
New_AS_027.wav,0.04854104667901993,AS
New_AS_028.wav,0.04934081807732582,AS
New_AS_029.wav,0.04920065402984619,AS
New_AS_030.wav,0.04856032505631447,AS
New_AS_031.wav,0.04850008711218834,AS
New_AS_032.wav,0.049026452004909515,AS
New_AS_033.wav,0.04840816929936409,AS
New_AS_034.wav,0.04898406192660332,AS
New_AS_035.wav,0.049045316874980927,AS
New_AS_036.wav,0.04879949241876602,AS
New_AS_037.wav,0.04874977841973305,AS
New_AS_038.wav,0.049168944358825684,AS
New_AS_039.wav,0.048513930290937424,AS
New_AS_040.wav,0.048663180321455,AS
New_AS_041.wav,0.04931122809648514,AS
New_AS_042.wav,0.048471760004758835,AS
New_AS_043.wav,0.04907286912202835,AS
New_AS_044.wav,0.04863149672746658,AS
New_AS_045.wav,0.04867471009492874,AS
New_AS_046.wav,0.049192916601896286,AS
New_AS_047.wav,0.04915910214185715,AS
New_AS_048.wav,0.042576003819704056,AS
New_AS_049.wav,0.03117595799267292,AS
New_AS_050.wav,0.026410961523652077,AS
New_AS_051.wav,0.026353733614087105,AS
New_AS_052.wav,0.02541302517056465,AS
New_AS_053.wav,0.02146930620074272,AS
New_AS_054.wav,0.022335940971970558,AS
New_AS_055.wav,0.025072701275348663,AS
New_AS_056.wav,0.02262345515191555,AS
New_AS_057.wav,0.02455960027873516,AS
New_AS_058.wav,0.023880837485194206,AS
New_AS_059.wav,0.022603608667850494,AS
New_AS_060.wav,0.025044457986950874,AS
New_AS_061.wav,0.025456467643380165,AS
New_AS_062.wav,0.02927563525736332,AS
New_AS_063.wav,0.02616771310567856,AS
New_AS_064.wav,0.028157562017440796,AS
New_AS_065.wav,0.028352050110697746,AS
New_AS_066.wav,0.027702923864126205,AS
New_AS_067.wav,0.02929490990936756,AS
New_AS_068.wav,0.030994011089205742,AS
New_AS_069.wav,0.02813076600432396,AS
New_AS_070.wav,0.028033051639795303,AS
New_AS_071.wav,0.025726448744535446,AS
New_AS_072.wav,0.027062270790338516,AS
New_AS_073.wav,0.0285577941685915,AS
New_AS_074.wav,0.02817809395492077,AS
New_AS_075.wav,0.029996950179338455,AS
New_AS_076.wav,0.02705710381269455,AS
New_AS_077.wav,0.0494963563978672,AS
New_AS_078.wav,0.049143943935632706,AS
New_AS_079.wav,0.048557184636592865,AS
New_AS_080.wav,0.048293858766555786,AS
New_AS_081.wav,0.04900036379694939,AS
New_AS_082.wav,0.048955705016851425,AS
New_AS_083.wav,0.04821212217211723,AS
New_AS_084.wav,0.04873540997505188,AS
New_AS_085.wav,0.048012856394052505,AS
New_AS_086.wav,0.049007073044776917,AS
New_AS_087.wav,0.04932857304811478,AS
New_AS_088.wav,0.04911137372255325,AS
New_AS_089.wav,0.04930444806814194,AS
New_AS_090.wav,0.04892021790146828,AS
New_AS_091.wav,0.04905836284160614,AS
New_AS_092.wav,0.04815917834639549,AS
New_AS_093.wav,0.04965973645448685,AS
New_AS_094.wav,0.04855575039982796,AS
New_AS_095.wav,0.04843626916408539,AS
New_AS_096.wav,0.0487670935690403,AS
New_AS_097.wav,0.04920677840709686,AS
New_AS_098.wav,0.04840729385614395,AS
New_AS_099.wav,0.049173083156347275,AS
New_AS_100.wav,0.04227953031659126,AS
New_AS_101.wav,0.049536701291799545,AS
New_AS_102.wav,0.0490150973200798,AS
New_AS_103.wav,0.04858294501900673,AS
New_AS_104.wav,0.04833139479160309,AS
New_AS_105.wav,0.0495152547955513,AS
New_AS_106.wav,0.04935995116829872,AS
New_AS_107.wav,0.0482361726462841,AS
New_AS_108.wav,0.04911499470472336,AS
New_AS_109.wav,0.04940158128738403,AS
New_AS_110.wav,0.04857971519231796,AS
New_AS_111.wav,0.154327392578125,AS
New_AS_112.wav,0.15302585065364838,AS
New_AS_113.wav,0.15440909564495087,AS
New_AS_114.wav,0.1517416089773178,AS
New_AS_115.wav,0.04852241277694702,AS
New_AS_116.wav,0.048927634954452515,AS
New_AS_117.wav,0.04910850524902344,AS
New_AS_118.wav,0.04892490431666374,AS
New_AS_119.wav,0.04862629249691963,AS
New_AS_120.wav,0.04868388921022415,AS
New_AS_121.wav,0.048953622579574585,AS
New_AS_122.wav,0.049058426171541214,AS
New_AS_123.wav,0.04904142767190933,AS
New_AS_124.wav,0.04935530945658684,AS
New_AS_125.wav,0.048649176955223083,AS
New_AS_126.wav,0.04879622533917427,AS
New_AS_127.wav,0.049340106546878815,AS
New_AS_128.wav,0.04373171180486679,AS
New_AS_129.wav,0.05672864243388176,AS
New_AS_130.wav,0.05535363405942917,AS
New_AS_131.wav,0.0640513002872467,AS
New_AS_132.wav,0.042487431317567825,AS
New_AS_133.wav,0.05054982006549835,AS
New_AS_134.wav,0.046773433685302734,AS
New_AS_135.wav,0.02825290337204933,AS
New_AS_136.wav,0.05787185952067375,AS
New_AS_137.wav,0.055748552083969116,AS
New_AS_138.wav,0.0572863407433033,AS
New_AS_139.wav,0.05778492987155914,AS
New_AS_140.wav,0.05810244381427765,AS
New_AS_141.wav,0.058208201080560684,AS
New_AS_142.wav,0.05869610980153084,AS
New_AS_143.wav,0.06574051827192307,AS
New_AS_144.wav,0.11642434448003769,AS
New_AS_145.wav,0.11747181415557861,AS
New_AS_146.wav,0.11613986641168594,AS
New_AS_147.wav,0.11620056629180908,AS
New_AS_148.wav,0.11119429767131805,AS
New_AS_149.wav,0.11736606806516647,AS
New_AS_150.wav,0.11574236303567886,AS
New_AS_151.wav,0.11826083064079285,AS
New_AS_152.wav,0.03625916689634323,AS
New_AS_153.wav,0.037542540580034256,AS
New_AS_154.wav,0.0365644246339798,AS
New_AS_155.wav,0.03729606419801712,AS
New_AS_156.wav,0.058198750019073486,AS
New_AS_157.wav,0.05465460196137428,AS
New_AS_158.wav,0.05644644424319267,AS
New_AS_159.wav,0.058394137769937515,AS
New_AS_160.wav,0.05062205716967583,AS
New_AS_161.wav,0.04814380779862404,AS
New_AS_162.wav,0.050387803465127945,AS
New_AS_163.wav,0.05246312916278839,AS
New_AS_164.wav,0.10045338422060013,AS
New_AS_165.wav,0.09900808334350586,AS
New_AS_166.wav,0.16679540276527405,AS
New_AS_167.wav,0.1649705469608307,AS
New_AS_168.wav,0.16791760921478271,AS
New_AS_169.wav,0.169358491897583,AS
New_AS_170.wav,0.09945320338010788,AS
New_AS_171.wav,0.10062981396913528,AS
New_AS_172.wav,0.16598811745643616,AS
New_AS_173.wav,0.16374903917312622,AS
New_AS_174.wav,0.16499066352844238,AS
New_AS_175.wav,0.17461608350276947,AS
New_AS_176.wav,0.16673369705677032,AS
New_AS_177.wav,0.1638074368238449,AS
New_AS_178.wav,0.16489775478839874,AS
New_AS_179.wav,0.1682053655385971,AS
New_AS_180.wav,0.04675693064928055,AS
New_AS_181.wav,0.04769914969801903,AS
New_AS_182.wav,0.04770955070853233,AS
New_AS_183.wav,0.04763398319482803,AS
New_AS_184.wav,0.051877398043870926,AS
New_AS_185.wav,0.04870424047112465,AS
New_AS_186.wav,0.04889333248138428,AS
New_AS_187.wav,0.050930023193359375,AS
New_AS_188.wav,0.12225006520748138,AS
New_AS_189.wav,0.12554049491882324,AS
New_AS_190.wav,0.15458248555660248,AS
New_AS_191.wav,0.15459592640399933,AS
New_AS_192.wav,0.04506736248731613,AS
New_AS_193.wav,0.04542740434408188,AS
New_AS_194.wav,0.0642906054854393,AS
New_AS_195.wav,0.06341433525085449,AS
New_AS_196.wav,0.07750467211008072,AS
New_AS_197.wav,0.07168259471654892,AS
New_AS_198.wav,0.0665518268942833,AS
New_AS_199.wav,0.06486105918884277,AS
New_AS_200.wav,0.05779515579342842,AS
New_MR_001.wav,0.0685899406671524,MR
New_MR_002.wav,0.0684930607676506,MR
New_MR_003.wav,0.06891486793756485,MR
New_MR_004.wav,0.06604600697755814,MR
New_MR_005.wav,0.03267522156238556,MR
New_MR_006.wav,0.02681572362780571,MR
New_MR_007.wav,0.029558910056948662,MR
New_MR_008.wav,0.02693159133195877,MR
New_MR_009.wav,0.03012976050376892,MR
New_MR_010.wav,0.026857133954763412,MR
New_MR_011.wav,0.012683604843914509,MR
New_MR_012.wav,0.01284016016870737,MR
New_MR_013.wav,0.012499603442847729,MR
New_MR_014.wav,0.013292365707457066,MR
New_MR_015.wav,0.029407596215605736,MR
New_MR_016.wav,0.03303198516368866,MR
New_MR_017.wav,0.027556246146559715,MR
New_MR_018.wav,0.03530793637037277,MR
New_MR_019.wav,0.027304919436573982,MR
New_MR_020.wav,0.03367903456091881,MR
New_MR_021.wav,0.03477966785430908,MR
New_MR_022.wav,0.03547946736216545,MR
New_MR_023.wav,0.0334131121635437,MR
New_MR_024.wav,0.03498642519116402,MR
New_MR_025.wav,0.03717764467000961,MR
New_MR_026.wav,0.04551897570490837,MR
New_MR_027.wav,0.04404177516698837,MR
New_MR_028.wav,0.0451570488512516,MR
New_MR_029.wav,0.045075979083776474,MR
New_MR_030.wav,0.0440945066511631,MR
New_MR_031.wav,0.04538625851273537,MR
New_MR_032.wav,0.043823614716529846,MR
New_MR_033.wav,0.04588387534022331,MR
New_MR_034.wav,0.04088408872485161,MR
New_MR_035.wav,0.03958927467465401,MR
New_MR_036.wav,0.04083652421832085,MR
New_MR_037.wav,0.04644589498639107,MR
New_MR_038.wav,0.032082755118608475,MR
New_MR_039.wav,0.034122634679079056,MR
New_MR_040.wav,0.04892808198928833,MR
New_MR_041.wav,0.047429103404283524,MR
New_MR_042.wav,0.04829450324177742,MR
New_MR_043.wav,0.04698292538523674,MR
New_MR_044.wav,0.046605147421360016,MR
New_MR_045.wav,0.0471106618642807,MR
New_MR_046.wav,0.021301543340086937,MR
New_MR_047.wav,0.021051468327641487,MR
New_MR_048.wav,0.020668864250183105,MR
New_MR_049.wav,0.020381387323141098,MR
New_MR_050.wav,0.02105012536048889,MR
New_MR_051.wav,0.021177301183342934,MR
New_MR_052.wav,0.04494656249880791,MR
New_MR_053.wav,0.044250573962926865,MR
New_MR_054.wav,0.04362930729985237,MR
New_MR_055.wav,0.044214192777872086,MR
New_MR_056.wav,0.042979639023542404,MR
New_MR_057.wav,0.04408114403486252,MR
New_MR_058.wav,0.043807029724121094,MR
New_MR_059.wav,0.04411814734339714,MR
New_MR_060.wav,0.04428090527653694,MR
New_MR_061.wav,0.044062256813049316,MR
New_MR_062.wav,0.044542714953422546,MR
New_MR_063.wav,0.04433896392583847,MR
New_MR_064.wav,0.043357785791158676,MR
New_MR_065.wav,0.04486892744898796,MR
New_MR_066.wav,0.04474669694900513,MR
New_MR_067.wav,0.04256051778793335,MR
New_MR_068.wav,0.044172000139951706,MR
New_MR_069.wav,0.044441238045692444,MR
New_MR_070.wav,0.04442986845970154,MR
New_MR_071.wav,0.043690409511327744,MR
New_MR_072.wav,0.04333117976784706,MR
New_MR_073.wav,0.04364621639251709,MR
New_MR_074.wav,0.04478651285171509,MR
New_MR_075.wav,0.04310866445302963,MR
New_MR_076.wav,0.045028023421764374,MR
New_MR_077.wav,0.04369758442044258,MR
New_MR_078.wav,0.04415159672498703,MR
New_MR_079.wav,0.04467437043786049,MR
New_MR_080.wav,0.1118212565779686,MR
New_MR_081.wav,0.11549142003059387,MR
New_MR_082.wav,0.03992494195699692,MR
New_MR_083.wav,0.04048745334148407,MR
New_MR_084.wav,0.04026461020112038,MR
New_MR_085.wav,0.03633026406168938,MR
New_MR_086.wav,0.034244462847709656,MR
New_MR_087.wav,0.03454474359750748,MR
New_MR_088.wav,0.04434284567832947,MR
New_MR_089.wav,0.04437953233718872,MR
New_MR_090.wav,0.045276906341314316,MR
New_MR_091.wav,0.04554241895675659,MR
New_MR_092.wav,0.0442410446703434,MR
New_MR_093.wav,0.045437779277563095,MR
New_MR_094.wav,0.04443955048918724,MR
New_MR_095.wav,0.04615071788430214,MR
New_MR_096.wav,0.044577647000551224,MR
New_MR_097.wav,0.04462118446826935,MR
New_MR_098.wav,0.04478587955236435,MR
New_MR_099.wav,0.045296162366867065,MR
New_MR_100.wav,0.04312074929475784,MR
New_MR_101.wav,0.04498425871133804,MR
New_MR_102.wav,0.043992623686790466,MR
New_MR_103.wav,0.043650735169649124,MR
New_MR_104.wav,0.044029269367456436,MR
New_MR_105.wav,0.04485960677266121,MR
New_MR_106.wav,0.04469244182109833,MR
New_MR_107.wav,0.04358634725213051,MR
New_MR_108.wav,0.042915236204862595,MR
New_MR_109.wav,0.04486590996384621,MR
New_MR_110.wav,0.04453030601143837,MR
New_MR_111.wav,0.04354323074221611,MR
New_MR_112.wav,0.04408128187060356,MR
New_MR_113.wav,0.042998041957616806,MR
New_MR_114.wav,0.044190503656864166,MR
New_MR_115.wav,0.045096274465322495,MR
New_MR_116.wav,0.04359870031476021,MR
New_MR_117.wav,0.044413577765226364,MR
New_MR_118.wav,0.043930914252996445,MR
New_MR_119.wav,0.0446489155292511,MR
New_MR_120.wav,0.04374011233448982,MR
New_MR_121.wav,0.043962348252534866,MR
New_MR_122.wav,0.04340170696377754,MR
New_MR_123.wav,0.04350471869111061,MR
New_MR_124.wav,0.04495817422866821,MR
New_MR_125.wav,0.044497936964035034,MR
New_MR_126.wav,0.04428241774439812,MR
New_MR_127.wav,0.045865852385759354,MR
New_MR_128.wav,0.04394138976931572,MR
New_MR_129.wav,0.044816579669713974,MR
New_MR_130.wav,0.04519009217619896,MR
New_MR_131.wav,0.044697172939777374,MR
New_MR_132.wav,0.04289570078253746,MR
New_MR_133.wav,0.0441124401986599,MR
New_MR_134.wav,0.04394034668803215,MR
New_MR_135.wav,0.04477479308843613,MR
New_MR_136.wav,0.04271048679947853,MR
New_MR_137.wav,0.0452858991920948,MR
New_MR_138.wav,0.04405475780367851,MR
New_MR_139.wav,0.04648580402135849,MR
New_MR_140.wav,0.042176615446805954,MR
New_MR_141.wav,0.04356660321354866,MR
New_MR_142.wav,0.04356835409998894,MR
New_MR_143.wav,0.044751040637493134,MR
New_MR_144.wav,0.043368689715862274,MR
New_MR_145.wav,0.044419750571250916,MR
New_MR_146.wav,0.043653931468725204,MR
New_MR_147.wav,0.0440809540450573,MR
New_MR_148.wav,0.0439632348716259,MR
New_MR_149.wav,0.0433390848338604,MR
New_MR_150.wav,0.04316168278455734,MR
New_MR_151.wav,0.04468637332320213,MR
New_MR_152.wav,0.044973183423280716,MR
New_MR_153.wav,0.0438852496445179,MR
New_MR_154.wav,0.04534618929028511,MR
New_MR_155.wav,0.043078530579805374,MR
New_MR_156.wav,0.04405954107642174,MR
New_MR_157.wav,0.04477545991539955,MR
New_MR_158.wav,0.06817366927862167,MR
New_MR_159.wav,0.07111798971891403,MR
New_MR_160.wav,0.06716681271791458,MR
New_MR_161.wav,0.06826051324605942,MR
New_MR_162.wav,0.06832244247198105,MR
New_MR_163.wav,0.06767841428518295,MR
New_MR_164.wav,0.06859258562326431,MR
New_MR_165.wav,0.06731189787387848,MR
New_MR_166.wav,0.06591881066560745,MR
New_MR_167.wav,0.07058139145374298,MR
New_MR_168.wav,0.06816554069519043,MR
New_MR_169.wav,0.07158701121807098,MR
New_MR_170.wav,0.06855224817991257,MR
New_MR_171.wav,0.06852869689464569,MR
New_MR_172.wav,0.06786148995161057,MR
New_MR_173.wav,0.06750579923391342,MR
New_MR_174.wav,0.06869744509458542,MR
New_MR_175.wav,0.06891624629497528,MR
New_MR_176.wav,0.06789123266935349,MR
New_MR_177.wav,0.07097192108631134,MR
New_MR_178.wav,0.06903127580881119,MR
New_MR_179.wav,0.0688755214214325,MR
New_MR_180.wav,0.06752435863018036,MR
New_MR_181.wav,0.06782602518796921,MR
New_MR_182.wav,0.06685513257980347,MR
New_MR_183.wav,0.06714412569999695,MR
New_MR_184.wav,0.06731181591749191,MR
New_MR_185.wav,0.0686989352107048,MR
New_MR_186.wav,0.054980505257844925,MR
New_MR_187.wav,0.05920341610908508,MR
New_MR_188.wav,0.05473090335726738,MR
New_MR_189.wav,0.05794632062315941,MR
New_MR_190.wav,0.04471772536635399,MR
New_MR_191.wav,0.04354531317949295,MR
New_MR_192.wav,0.04433640465140343,MR
New_MR_193.wav,0.045444369316101074,MR
New_MR_194.wav,0.13296309113502502,MR
New_MR_195.wav,0.12985588610172272,MR
New_MR_196.wav,0.13074040412902832,MR
New_MR_197.wav,0.13234710693359375,MR
New_MR_198.wav,0.12974056601524353,MR
New_MR_199.wav,0.13385272026062012,MR
New_MR_200.wav,0.12890343368053436,MR
New_MS_001.wav,0.0734160840511322,MS
New_MS_002.wav,0.07400085031986237,MS
New_MS_003.wav,0.07303007692098618,MS
New_MS_004.wav,0.07585879415273666,MS
New_MS_005.wav,0.036876242607831955,MS
New_MS_006.wav,0.03955883905291557,MS
New_MS_007.wav,0.030553137883543968,MS
New_MS_008.wav,0.03332100808620453,MS
New_MS_009.wav,0.028537636622786522,MS
New_MS_010.wav,0.027026429772377014,MS
New_MS_011.wav,0.026325948536396027,MS
New_MS_012.wav,0.029308410361409187,MS
New_MS_013.wav,0.029247693717479706,MS
New_MS_014.wav,0.030941249802708626,MS
New_MS_015.wav,0.0891793742775917,MS
New_MS_016.wav,0.10813035070896149,MS
New_MS_017.wav,0.10358825325965881,MS
New_MS_018.wav,0.10324186831712723,MS
New_MS_019.wav,0.10277383029460907,MS
New_MS_020.wav,0.10971526801586151,MS
New_MS_021.wav,0.05794837698340416,MS
New_MS_022.wav,0.060862381011247635,MS
New_MS_023.wav,0.06447122246026993,MS
New_MS_024.wav,0.06833353638648987,MS
New_MS_025.wav,0.06076149642467499,MS
New_MS_026.wav,0.05970730632543564,MS
New_MS_027.wav,0.06641586124897003,MS
New_MS_028.wav,0.06505504250526428,MS
New_MS_029.wav,0.058816567063331604,MS
New_MS_030.wav,0.060175489634275436,MS
New_MS_031.wav,0.06433597207069397,MS
New_MS_032.wav,0.06663130223751068,MS
New_MS_033.wav,0.05800142139196396,MS
New_MS_034.wav,0.061011895537376404,MS
New_MS_035.wav,0.06497412174940109,MS
New_MS_036.wav,0.06656461209058762,MS
New_MS_037.wav,0.057662274688482285,MS
New_MS_038.wav,0.05785427615046501,MS
New_MS_039.wav,0.06753886491060257,MS
New_MS_040.wav,0.06974635273218155,MS
New_MS_041.wav,0.057984158396720886,MS
New_MS_042.wav,0.05983393266797066,MS
New_MS_043.wav,0.06622061133384705,MS
New_MS_044.wav,0.067792147397995,MS
New_MS_045.wav,0.05795609578490257,MS
New_MS_046.wav,0.05904160812497139,MS
New_MS_047.wav,0.059221766889095306,MS
New_MS_048.wav,0.0612202063202858,MS
New_MS_049.wav,0.056450068950653076,MS
New_MS_050.wav,0.056383319199085236,MS
New_MS_051.wav,0.055150751024484634,MS
New_MS_052.wav,0.05727599933743477,MS
New_MS_053.wav,0.07237029820680618,MS
New_MS_054.wav,0.0730310007929802,MS
New_MS_055.wav,0.07308261841535568,MS
New_MS_056.wav,0.07382386177778244,MS
New_MS_057.wav,0.07311323285102844,MS
New_MS_058.wav,0.0753316581249237,MS
New_MS_059.wav,0.06595022231340408,MS
New_MS_060.wav,0.06483927369117737,MS
New_MS_061.wav,0.05680142343044281,MS
New_MS_062.wav,0.05921204760670662,MS
New_MS_063.wav,0.0661054402589798,MS
New_MS_064.wav,0.06617981940507889,MS
New_MS_065.wav,0.05958918109536171,MS
New_MS_066.wav,0.05977671965956688,MS
New_MS_067.wav,0.06533721089363098,MS
New_MS_068.wav,0.06778048723936081,MS
New_MS_069.wav,0.05949520319700241,MS
New_MS_070.wav,0.05844679847359657,MS
New_MS_071.wav,0.06586699932813644,MS
New_MS_072.wav,0.06699172407388687,MS
New_MS_073.wav,0.05877239629626274,MS
New_MS_074.wav,0.05811290070414543,MS
New_MS_075.wav,0.06714625656604767,MS
New_MS_076.wav,0.0661904588341713,MS
New_MS_077.wav,0.05834266170859337,MS
New_MS_078.wav,0.059029947966337204,MS
New_MS_079.wav,0.06494104117155075,MS
New_MS_080.wav,0.06643413007259369,MS
New_MS_081.wav,0.05899267643690109,MS
New_MS_082.wav,0.05800636112689972,MS
New_MS_083.wav,0.06506416946649551,MS
New_MS_084.wav,0.06511762738227844,MS
New_MS_085.wav,0.05803412199020386,MS
New_MS_086.wav,0.05733256787061691,MS
New_MS_087.wav,0.10593399405479431,MS
New_MS_088.wav,0.09085935354232788,MS
New_MS_089.wav,0.1035614162683487,MS
New_MS_090.wav,0.060869719833135605,MS
New_MS_091.wav,0.05428394302725792,MS
New_MS_092.wav,0.05351768061518669,MS
New_MS_093.wav,0.054273273795843124,MS
New_MS_094.wav,0.05437624827027321,MS
New_MS_095.wav,0.05666015297174454,MS
New_MS_096.wav,0.05444537475705147,MS
New_MS_097.wav,0.05675836279988289,MS
New_MS_098.wav,0.05224299803376198,MS
New_MS_099.wav,0.05563167482614517,MS
New_MS_100.wav,0.05516267567873001,MS
New_MS_101.wav,0.05420997738838196,MS
New_MS_102.wav,0.052218690514564514,MS
New_MS_103.wav,0.052150677889585495,MS
New_MS_104.wav,0.05325823277235031,MS
New_MS_105.wav,0.056822896003723145,MS
New_MS_106.wav,0.05530430004000664,MS
New_MS_107.wav,0.05797228589653969,MS
New_MS_108.wav,0.0549604706466198,MS
New_MS_109.wav,0.05175359919667244,MS
New_MS_110.wav,0.05313083902001381,MS
New_MS_111.wav,0.056764326989650726,MS
New_MS_112.wav,0.053588829934597015,MS
New_MS_113.wav,0.048438288271427155,MS
New_MS_114.wav,0.053035758435726166,MS
New_MS_115.wav,0.05368431657552719,MS
New_MS_116.wav,0.056296456605196,MS
New_MS_117.wav,0.05608047917485237,MS
New_MS_118.wav,0.10407154262065887,MS
New_MS_119.wav,0.08497384190559387,MS
New_MS_120.wav,0.08555495738983154,MS
New_MS_121.wav,0.08017593622207642,MS
New_MS_122.wav,0.08313968032598495,MS
New_MS_123.wav,0.0779685229063034,MS
New_MS_124.wav,0.08343663066625595,MS
New_MS_125.wav,0.03604712337255478,MS
New_MS_126.wav,0.03575560823082924,MS
New_MS_127.wav,0.03578221797943115,MS
New_MS_128.wav,0.036522913724184036,MS
New_MS_129.wav,0.06186169013381004,MS
New_MS_130.wav,0.06262782961130142,MS
New_MS_131.wav,0.06333039700984955,MS
New_MS_132.wav,0.0616525337100029,MS
New_MS_133.wav,0.055124230682849884,MS
New_MS_134.wav,0.05289946496486664,MS
New_MS_135.wav,0.05276654288172722,MS
New_MS_136.wav,0.05083107948303223,MS
New_MS_137.wav,0.048950549215078354,MS
New_MS_138.wav,0.05562588572502136,MS
New_MS_139.wav,0.052332013845443726,MS
New_MS_140.wav,0.04619371145963669,MS
New_MS_141.wav,0.05201283097267151,MS
New_MS_142.wav,0.055109988898038864,MS
New_MS_143.wav,0.06168065220117569,MS
New_MS_144.wav,0.06474553793668747,MS
New_MS_145.wav,0.062450725585222244,MS
New_MS_146.wav,0.059591785073280334,MS
New_MS_147.wav,0.05590705946087837,MS
New_MS_148.wav,0.05520670861005783,MS
New_MS_149.wav,0.052786245942115784,MS
New_MS_150.wav,0.05211329832673073,MS
New_MS_151.wav,0.04951411858201027,MS
New_MS_152.wav,0.05613003671169281,MS
New_MS_153.wav,0.0519116148352623,MS
New_MS_154.wav,0.04398241639137268,MS
New_MS_155.wav,0.05229592323303223,MS
New_MS_156.wav,0.053882889449596405,MS
New_MS_157.wav,0.06009680777788162,MS
New_MS_158.wav,0.06244894862174988,MS
New_MS_159.wav,0.06184589862823486,MS
New_MS_160.wav,0.06134669855237007,MS
New_MS_161.wav,0.056278448551893234,MS
New_MS_162.wav,0.05545145645737648,MS
New_MS_163.wav,0.04685243219137192,MS
New_MS_164.wav,0.056332238018512726,MS
New_MS_165.wav,0.053414538502693176,MS
New_MS_166.wav,0.051511216908693314,MS
New_MS_167.wav,0.04854065552353859,MS
New_MS_168.wav,0.0523173026740551,MS
New_MS_169.wav,0.021988725289702415,MS
New_MS_170.wav,0.022014696151018143,MS
New_MS_171.wav,0.021652845665812492,MS
New_MS_172.wav,0.020896723493933678,MS
New_MS_173.wav,0.020625479519367218,MS
New_MS_174.wav,0.02363959699869156,MS
New_MS_175.wav,0.02293364331126213,MS
New_MS_176.wav,0.024800054728984833,MS
New_MS_178.wav,0.023972216993570328,MS
New_MS_177.wav,0.02557164430618286,MS
New_MS_179.wav,0.0236526932567358,MS
New_MS_180.wav,0.06452994793653488,MS
New_MS_181.wav,0.06693129241466522,MS
New_MS_182.wav,0.058462802320718765,MS
New_MS_183.wav,0.05852532014250755,MS
New_MS_184.wav,0.06545601785182953,MS
New_MS_185.wav,0.06639792770147324,MS
New_MS_186.wav,0.05887797847390175,MS
New_MS_187.wav,0.06019316986203194,MS
New_MS_188.wav,0.06475523859262466,MS
New_MS_189.wav,0.06577303260564804,MS
New_MS_190.wav,0.058226559311151505,MS
New_MS_191.wav,0.05998189374804497,MS
New_MS_192.wav,0.0641273781657219,MS
New_MS_193.wav,0.06652995944023132,MS
New_MS_194.wav,0.05932896211743355,MS
New_MS_195.wav,0.0594988688826561,MS
New_MS_196.wav,0.06488349288702011,MS
New_MS_197.wav,0.06645288318395615,MS
New_MS_198.wav,0.05719399079680443,MS
New_MS_199.wav,0.057779181748628616,MS
New_MS_200.wav,0.06576036661863327,MS
New_MVP_001.wav,0.053291596472263336,MVP
New_MVP_002.wav,0.12701424956321716,MVP
New_MVP_003.wav,0.08679439127445221,MVP
New_MVP_004.wav,0.06117621436715126,MVP
New_MVP_005.wav,0.06125396490097046,MVP
New_MVP_006.wav,0.059534840285778046,MVP
New_MVP_007.wav,0.06027024984359741,MVP
New_MVP_008.wav,0.057807885110378265,MVP
New_MVP_009.wav,0.05979309231042862,MVP
New_MVP_010.wav,0.05886823683977127,MVP
New_MVP_011.wav,0.057884227484464645,MVP
New_MVP_012.wav,0.058789703994989395,MVP
New_MVP_013.wav,0.06010977178812027,MVP
New_MVP_014.wav,0.059235114604234695,MVP
New_MVP_015.wav,0.061219725757837296,MVP
New_MVP_016.wav,0.06038232892751694,MVP
New_MVP_017.wav,0.060325223952531815,MVP
New_MVP_018.wav,0.05725684016942978,MVP
New_MVP_019.wav,0.05973466485738754,MVP
New_MVP_020.wav,0.057998280972242355,MVP
New_MVP_021.wav,0.05980740115046501,MVP
New_MVP_022.wav,0.06010971963405609,MVP
New_MVP_023.wav,0.05953843519091606,MVP
New_MVP_024.wav,0.059387873858213425,MVP
New_MVP_025.wav,0.06087733060121536,MVP
New_MVP_026.wav,0.05880693346261978,MVP
New_MVP_027.wav,0.06214277446269989,MVP
New_MVP_028.wav,0.0592348650097847,MVP
New_MVP_029.wav,0.05865307152271271,MVP
New_MVP_030.wav,0.07922565191984177,MVP
New_MVP_031.wav,0.08377155661582947,MVP
New_MVP_033.wav,0.07777219265699387,MVP
New_MVP_032.wav,0.0778651311993599,MVP
New_MVP_034.wav,0.07885187864303589,MVP
New_MVP_035.wav,0.08015844970941544,MVP
New_MVP_036.wav,0.0791362002491951,MVP
New_MVP_037.wav,0.07901790738105774,MVP
New_MVP_038.wav,0.07801847904920578,MVP
New_MVP_039.wav,0.07773511111736298,MVP
New_MVP_040.wav,0.08100657910108566,MVP
New_MVP_041.wav,0.08244152367115021,MVP
New_MVP_042.wav,0.07934514433145523,MVP
New_MVP_043.wav,0.08108067512512207,MVP
New_MVP_044.wav,0.08146349340677261,MVP
New_MVP_045.wav,0.08045133203268051,MVP
New_MVP_046.wav,0.0815742164850235,MVP
New_MVP_047.wav,0.08205588161945343,MVP
New_MVP_048.wav,0.0743010938167572,MVP
New_MVP_049.wav,0.0792548879981041,MVP
New_MVP_050.wav,0.0772385224699974,MVP
New_MVP_051.wav,0.08451177179813385,MVP
New_MVP_052.wav,0.08144527673721313,MVP
New_MVP_053.wav,0.0802839919924736,MVP
New_MVP_054.wav,0.07768446952104568,MVP
New_MVP_055.wav,0.07820076495409012,MVP
New_MVP_056.wav,0.07983222603797913,MVP
New_MVP_057.wav,0.08110509812831879,MVP
New_MVP_058.wav,0.07437225431203842,MVP
New_MVP_059.wav,0.07684128731489182,MVP
New_MVP_060.wav,0.07716409862041473,MVP
New_MVP_061.wav,0.08011321723461151,MVP
New_MVP_062.wav,0.07946566492319107,MVP
New_MVP_063.wav,0.07989013940095901,MVP
New_MVP_064.wav,0.037154242396354675,MVP
New_MVP_065.wav,0.03763559088110924,MVP
New_MVP_066.wav,0.0374164879322052,MVP
New_MVP_067.wav,0.03716491907835007,MVP
New_MVP_068.wav,0.03682427108287811,MVP
New_MVP_069.wav,0.03628375753760338,MVP
New_MVP_070.wav,0.035715486854314804,MVP
New_MVP_071.wav,0.036937251687049866,MVP
New_MVP_072.wav,0.03789215162396431,MVP
New_MVP_073.wav,0.038837261497974396,MVP
New_MVP_074.wav,0.036920055747032166,MVP
New_MVP_075.wav,0.03706061467528343,MVP
New_MVP_076.wav,0.03733495995402336,MVP
New_MVP_077.wav,0.036448344588279724,MVP
New_MVP_078.wav,0.036551833152770996,MVP
New_MVP_079.wav,0.03909630700945854,MVP
New_MVP_080.wav,0.03806992620229721,MVP
New_MVP_081.wav,0.03858765587210655,MVP
New_MVP_082.wav,0.03627748414874077,MVP
New_MVP_083.wav,0.03850195184350014,MVP
New_MVP_084.wav,0.036049775779247284,MVP
New_MVP_085.wav,0.03815283626317978,MVP
New_MVP_086.wav,0.03815758600831032,MVP
New_MVP_087.wav,0.038523487746715546,MVP
New_MVP_088.wav,0.036850739270448685,MVP
New_MVP_089.wav,0.03747101500630379,MVP
New_MVP_090.wav,0.036792997270822525,MVP
New_MVP_091.wav,0.03851825371384621,MVP
New_MVP_092.wav,0.0356060229241848,MVP
New_MVP_093.wav,0.03676796704530716,MVP
New_MVP_094.wav,0.036620091646909714,MVP
New_MVP_095.wav,0.03835128992795944,MVP
New_MVP_096.wav,0.03681643679738045,MVP
New_MVP_097.wav,0.03635139763355255,MVP
New_MVP_098.wav,0.07545892149209976,MVP
New_MVP_099.wav,0.08191173523664474,MVP
New_MVP_100.wav,0.08930867165327072,MVP
New_MVP_101.wav,0.07964882999658585,MVP
New_MVP_102.wav,0.08457864075899124,MVP
New_MVP_103.wav,0.07709550857543945,MVP
New_MVP_104.wav,0.048257652670145035,MVP
New_MVP_105.wav,0.041417401283979416,MVP
New_MVP_106.wav,0.03202652186155319,MVP
New_MVP_107.wav,0.033362433314323425,MVP
New_MVP_108.wav,0.03187321126461029,MVP
New_MVP_109.wav,0.027653874829411507,MVP
New_MVP_110.wav,0.028069691732525826,MVP
New_MVP_111.wav,0.022453611716628075,MVP
New_MVP_112.wav,0.022615928202867508,MVP
New_MVP_113.wav,0.021346982568502426,MVP
New_MVP_114.wav,0.02291511557996273,MVP
New_MVP_115.wav,0.022164201363921165,MVP
New_MVP_116.wav,0.022679222747683525,MVP
New_MVP_117.wav,0.022395465523004532,MVP
New_MVP_118.wav,0.021519744768738747,MVP
New_MVP_119.wav,0.022628730162978172,MVP
New_MVP_120.wav,0.022153878584504128,MVP
New_MVP_121.wav,0.021608931943774223,MVP
New_MVP_122.wav,0.022736122831702232,MVP
New_MVP_123.wav,0.033808350563049316,MVP
New_MVP_124.wav,0.03978431224822998,MVP
New_MVP_125.wav,0.05032624676823616,MVP
New_MVP_126.wav,0.056832388043403625,MVP
New_MVP_127.wav,0.0767689049243927,MVP
New_MVP_128.wav,0.0803317055106163,MVP
New_MVP_129.wav,0.08084554970264435,MVP
New_MVP_130.wav,0.06031949445605278,MVP
New_MVP_131.wav,0.03454989194869995,MVP
New_MVP_132.wav,0.04422682151198387,MVP
New_MVP_133.wav,0.05551232025027275,MVP
New_MVP_134.wav,0.05945693701505661,MVP
New_MVP_135.wav,0.08570876717567444,MVP
New_MVP_136.wav,0.08271816372871399,MVP
New_MVP_137.wav,0.0788223147392273,MVP
New_MVP_138.wav,0.04943453520536423,MVP
New_MVP_139.wav,0.03852526471018791,MVP
New_MVP_140.wav,0.04504215717315674,MVP
New_MVP_141.wav,0.05531836673617363,MVP
New_MVP_142.wav,0.06871408969163895,MVP
New_MVP_143.wav,0.07902158051729202,MVP
New_MVP_144.wav,0.08237916231155396,MVP
New_MVP_145.wav,0.05895068868994713,MVP
New_MVP_146.wav,0.033117443323135376,MVP
New_MVP_147.wav,0.043848324567079544,MVP
New_MVP_148.wav,0.04988354817032814,MVP
New_MVP_149.wav,0.05700869858264923,MVP
New_MVP_150.wav,0.07820399105548859,MVP
New_MVP_151.wav,0.0832848846912384,MVP
New_MVP_152.wav,0.08306720852851868,MVP
New_MVP_153.wav,0.04805712774395943,MVP
New_MVP_154.wav,0.03480737656354904,MVP
New_MVP_155.wav,0.045168787240982056,MVP
New_MVP_156.wav,0.05400379002094269,MVP
New_MVP_157.wav,0.0665324404835701,MVP
New_MVP_158.wav,0.08546983450651169,MVP
New_MVP_159.wav,0.08141721785068512,MVP
New_MVP_160.wav,0.0764782577753067,MVP
New_MVP_161.wav,0.0333651527762413,MVP
New_MVP_162.wav,0.03879357501864433,MVP
New_MVP_163.wav,0.04917409271001816,MVP
New_MVP_164.wav,0.05532900616526604,MVP
New_MVP_165.wav,0.07768341153860092,MVP
New_MVP_166.wav,0.07891873270273209,MVP
New_MVP_167.wav,0.08179755508899689,MVP
New_MVP_168.wav,0.05934903770685196,MVP
New_MVP_169.wav,0.03442033380270004,MVP
New_MVP_170.wav,0.04386246204376221,MVP
New_MVP_171.wav,0.05518157780170441,MVP
New_MVP_172.wav,0.05895059555768967,MVP
New_MVP_173.wav,0.0842951089143753,MVP
New_MVP_174.wav,0.08423642069101334,MVP
New_MVP_175.wav,0.02237137407064438,MVP
New_MVP_176.wav,0.026713894680142403,MVP
New_MVP_177.wav,0.02993072383105755,MVP
New_MVP_178.wav,0.03022726997733116,MVP
New_MVP_179.wav,0.020338602364063263,MVP
New_MVP_180.wav,0.020817654207348824,MVP
New_MVP_181.wav,0.0213672686368227,MVP
New_MVP_182.wav,0.021190306171774864,MVP
New_MVP_183.wav,0.020646201446652412,MVP
New_MVP_184.wav,0.02262762188911438,MVP
New_MVP_185.wav,0.02266043983399868,MVP
New_MVP_186.wav,0.02710231952369213,MVP
New_MVP_187.wav,0.022272856906056404,MVP
New_MVP_188.wav,0.027529891580343246,MVP
New_MVP_189.wav,0.026312174275517464,MVP
New_MVP_190.wav,0.025758743286132812,MVP
New_MVP_191.wav,0.08176819980144501,MVP
New_MVP_192.wav,0.09168476611375809,MVP
New_MVP_193.wav,0.07960951328277588,MVP
New_MVP_194.wav,0.08146950602531433,MVP
New_MVP_195.wav,0.07652731239795685,MVP
New_MVP_196.wav,0.07364759594202042,MVP
New_MVP_197.wav,0.04627573490142822,MVP
New_MVP_198.wav,0.04336494207382202,MVP
New_MVP_199.wav,0.02965201437473297,MVP
New_MVP_200.wav,0.029348105192184448,MVP
New_N_001.wav,0.07183289527893066,N
New_N_002.wav,0.07257027179002762,N
New_N_003.wav,0.07505447417497635,N
New_N_004.wav,0.07534558326005936,N
New_N_005.wav,0.07465654611587524,N
New_N_006.wav,0.07647525519132614,N
New_N_007.wav,0.07543584704399109,N
New_N_008.wav,0.07467285543680191,N
New_N_009.wav,0.07557087391614914,N
New_N_010.wav,0.07516970485448837,N
New_N_011.wav,0.07647188007831573,N
New_N_012.wav,0.07440689206123352,N
New_N_013.wav,0.07467282563447952,N
New_N_014.wav,0.07632480561733246,N
New_N_015.wav,0.0767827183008194,N
New_N_016.wav,0.07578939944505692,N
New_N_017.wav,0.07835333794355392,N
New_N_018.wav,0.07542851567268372,N
New_N_019.wav,0.07781557738780975,N
New_N_020.wav,0.07693358510732651,N
New_N_021.wav,0.07684925943613052,N
New_N_022.wav,0.07866759598255157,N
New_N_023.wav,0.07461168617010117,N
New_N_024.wav,0.07547898590564728,N
New_N_025.wav,0.07296784967184067,N
New_N_026.wav,0.07409494370222092,N
New_N_027.wav,0.07400717586278915,N
New_N_028.wav,0.07764369249343872,N
New_N_029.wav,0.07589789479970932,N
New_N_030.wav,0.07761472463607788,N
New_N_031.wav,0.07460010051727295,N
New_N_032.wav,0.07606880366802216,N
New_N_033.wav,0.07581325620412827,N
New_N_034.wav,0.071429044008255,N
New_N_035.wav,0.07456796616315842,N
New_N_036.wav,0.07490305602550507,N
New_N_037.wav,0.07562964409589767,N
New_N_038.wav,0.07675395160913467,N
New_N_039.wav,0.07753303647041321,N
New_N_040.wav,0.08055728673934937,N
New_N_041.wav,0.0760735496878624,N
New_N_042.wav,0.07620082795619965,N
New_N_043.wav,0.07416370511054993,N
New_N_044.wav,0.07746071368455887,N
New_N_045.wav,0.07244253158569336,N
New_N_046.wav,0.0725942924618721,N
New_N_047.wav,0.07431341707706451,N
New_N_048.wav,0.07428470253944397,N
New_N_049.wav,0.0761386826634407,N
New_N_050.wav,0.0770178884267807,N
New_N_051.wav,0.0744716003537178,N
New_N_052.wav,0.07736677676439285,N
New_N_053.wav,0.07480432838201523,N
New_N_054.wav,0.07516270875930786,N
New_N_055.wav,0.07677929848432541,N
New_N_056.wav,0.0755251795053482,N
New_N_057.wav,0.0738743245601654,N
New_N_058.wav,0.07639401406049728,N
New_N_059.wav,0.07294284552335739,N
New_N_060.wav,0.07381334155797958,N
New_N_061.wav,0.07655111700296402,N
New_N_062.wav,0.07535803318023682,N
New_N_063.wav,0.0771854892373085,N
New_N_064.wav,0.07646118104457855,N
New_N_065.wav,0.07475129514932632,N
New_N_066.wav,0.07524647563695908,N
New_N_067.wav,0.0768093541264534,N
New_N_068.wav,0.07900121808052063,N
New_N_069.wav,0.07834465056657791,N
New_N_070.wav,0.07768156379461288,N
New_N_071.wav,0.07760568708181381,N
New_N_072.wav,0.07862917333841324,N
New_N_073.wav,0.0783749520778656,N
New_N_074.wav,0.07863335311412811,N
New_N_075.wav,0.07742905616760254,N
New_N_076.wav,0.07912132889032364,N
New_N_077.wav,0.07892651110887527,N
New_N_078.wav,0.0794948935508728,N
New_N_079.wav,0.07824326306581497,N
New_N_080.wav,0.07902642339468002,N
New_N_081.wav,0.07656417787075043,N
New_N_082.wav,0.07939476519823074,N
New_N_083.wav,0.07670490443706512,N
New_N_084.wav,0.08186981081962585,N
New_N_085.wav,0.07629505544900894,N
New_N_086.wav,0.07750151306390762,N
New_N_087.wav,0.07937225699424744,N
New_N_088.wav,0.07939185202121735,N
New_N_089.wav,0.07743426412343979,N
New_N_090.wav,0.0775127187371254,N
New_N_091.wav,0.07832621783018112,N
New_N_092.wav,0.07803250849246979,N
New_N_093.wav,0.08008236438035965,N
New_N_094.wav,0.07842452079057693,N
New_N_095.wav,0.07835087925195694,N
New_N_096.wav,0.07715777307748795,N
New_N_097.wav,0.07838893681764603,N
New_N_098.wav,0.07953623682260513,N
New_N_099.wav,0.07540420442819595,N
New_N_100.wav,0.07676299661397934,N
New_N_101.wav,0.07513441890478134,N
New_N_102.wav,0.07684803009033203,N
New_N_103.wav,0.0742226243019104,N
New_N_104.wav,0.07573705166578293,N
New_N_105.wav,0.07411470264196396,N
New_N_106.wav,0.07513342052698135,N
New_N_107.wav,0.07518769800662994,N
New_N_108.wav,0.07872997969388962,N
New_N_109.wav,0.07388097792863846,N
New_N_110.wav,0.07446753978729248,N
New_N_111.wav,0.07366833835840225,N
New_N_112.wav,0.0776144415140152,N
New_N_113.wav,0.07553030550479889,N
New_N_114.wav,0.07660363614559174,N
New_N_115.wav,0.07534490525722504,N
New_N_116.wav,0.07663010060787201,N
New_N_117.wav,0.07492581009864807,N
New_N_118.wav,0.07806842029094696,N
New_N_119.wav,0.07493431121110916,N
New_N_120.wav,0.07333798706531525,N
New_N_121.wav,0.07593333721160889,N
New_N_122.wav,0.07730742543935776,N
New_N_123.wav,0.0740036815404892,N
New_N_124.wav,0.07815350592136383,N
New_N_125.wav,0.07882886379957199,N
New_N_126.wav,0.04638246074318886,N
New_N_127.wav,0.04652079939842224,N
New_N_128.wav,0.04396171122789383,N
New_N_129.wav,0.04689091816544533,N
New_N_130.wav,0.04491829127073288,N
New_N_131.wav,0.04517610743641853,N
New_N_132.wav,0.046590663492679596,N
New_N_133.wav,0.04623604193329811,N
New_N_134.wav,0.044588226824998856,N
New_N_135.wav,0.04520031809806824,N
New_N_136.wav,0.044789135456085205,N
New_N_137.wav,0.04555635154247284,N
New_N_138.wav,0.0443766750395298,N
New_N_139.wav,0.045749031007289886,N
New_N_140.wav,0.0448509082198143,N
New_N_141.wav,0.04490262642502785,N
New_N_142.wav,0.045776285231113434,N
New_N_143.wav,0.04410120099782944,N
New_N_144.wav,0.04497312754392624,N
New_N_145.wav,0.046047672629356384,N
New_N_146.wav,0.04553378000855446,N
New_N_147.wav,0.04575198516249657,N
New_N_148.wav,0.045465607196092606,N
New_N_149.wav,0.04646145552396774,N
New_N_150.wav,0.044792212545871735,N
New_N_151.wav,0.04529966786503792,N
New_N_152.wav,0.044692251831293106,N
New_N_153.wav,0.04588785022497177,N
New_N_154.wav,0.04323211684823036,N
New_N_155.wav,0.04414353147149086,N
New_N_156.wav,0.043577615171670914,N
New_N_157.wav,0.05127380043268204,N
New_N_158.wav,0.06723399460315704,N
New_N_159.wav,0.07212071120738983,N
New_N_160.wav,0.07518769055604935,N
New_N_161.wav,0.07578819245100021,N
New_N_162.wav,0.07582412660121918,N
New_N_163.wav,0.07389698177576065,N
New_N_164.wav,0.07638618350028992,N
New_N_165.wav,0.07795644551515579,N
New_N_166.wav,0.07403819262981415,N
New_N_167.wav,0.07705594599246979,N
New_N_168.wav,0.07375079393386841,N
New_N_169.wav,0.07567796111106873,N
New_N_170.wav,0.07831082493066788,N
New_N_171.wav,0.0781785249710083,N
New_N_172.wav,0.07423979043960571,N
New_N_173.wav,0.07364974170923233,N
New_N_174.wav,0.07703781872987747,N
New_N_175.wav,0.07557456195354462,N
New_N_176.wav,0.07559023052453995,N
New_N_177.wav,0.07712917774915695,N
New_N_178.wav,0.07410553097724915,N
New_N_179.wav,0.07613115012645721,N
New_N_180.wav,0.07633595168590546,N
New_N_181.wav,0.07658343762159348,N
New_N_182.wav,0.07463282346725464,N
New_N_183.wav,0.07385113835334778,N
New_N_184.wav,0.07530965656042099,N
New_N_185.wav,0.07965384423732758,N
New_N_186.wav,0.0766412615776062,N
New_N_187.wav,0.07508928328752518,N
New_N_188.wav,0.07494629174470901,N
New_N_189.wav,0.077933169901371,N
New_N_190.wav,0.07657244801521301,N
New_N_191.wav,0.07770595699548721,N
New_N_192.wav,0.07607437670230865,N
New_N_193.wav,0.07844479382038116,N
New_N_194.wav,0.023827485740184784,N
New_N_195.wav,0.02254265733063221,N
New_N_196.wav,0.022718532010912895,N
New_N_197.wav,0.022761229425668716,N
New_N_198.wav,0.023725345730781555,N
New_N_199.wav,0.023440171033143997,N
New_N_200.wav,0.02011916972696781,N
