filename,sc,label
New_AS_001.wav,339.4840259468362,AS
New_AS_002.wav,336.563694040909,AS
New_AS_003.wav,336.0848632557654,AS
New_AS_004.wav,332.4709507534494,AS
New_AS_005.wav,333.6385710707253,AS
New_AS_006.wav,333.91374650875474,AS
New_AS_007.wav,340.1613850209351,AS
New_AS_008.wav,330.9379723336728,AS
New_AS_009.wav,329.1809215805155,AS
New_AS_010.wav,328.7743428422817,AS
New_AS_011.wav,333.4311475340798,AS
New_AS_012.wav,343.38494684893726,AS
New_AS_013.wav,344.1470932545418,AS
New_AS_014.wav,338.6761544970784,AS
New_AS_015.wav,330.76076854280564,AS
New_AS_016.wav,313.8631318208964,AS
New_AS_017.wav,327.7517373698701,AS
New_AS_018.wav,339.97922670210716,AS
New_AS_019.wav,339.7815388898943,AS
New_AS_020.wav,328.35029712367856,AS
New_AS_021.wav,334.13272740815296,AS
New_AS_022.wav,349.1225599485076,AS
New_AS_023.wav,336.2014151460108,AS
New_AS_024.wav,479.1876144244425,AS
New_AS_025.wav,363.02036663877453,AS
New_AS_026.wav,360.0578039060216,AS
New_AS_027.wav,364.70687433936644,AS
New_AS_028.wav,373.54773556324517,AS
New_AS_029.wav,368.07916376925624,AS
New_AS_030.wav,358.7023938530278,AS
New_AS_031.wav,362.2184206382362,AS
New_AS_032.wav,370.03486949664057,AS
New_AS_033.wav,363.9772840928372,AS
New_AS_034.wav,356.9004175329094,AS
New_AS_035.wav,364.4722448152925,AS
New_AS_036.wav,354.848180447183,AS
New_AS_037.wav,362.90012074333936,AS
New_AS_038.wav,365.6295869496545,AS
New_AS_039.wav,369.88803979441565,AS
New_AS_040.wav,372.7460172896005,AS
New_AS_041.wav,366.3053564135118,AS
New_AS_042.wav,373.50914269767816,AS
New_AS_043.wav,365.31268577143237,AS
New_AS_044.wav,372.94370344717,AS
New_AS_045.wav,369.941290818658,AS
New_AS_046.wav,362.6529089467596,AS
New_AS_047.wav,366.23310714492555,AS
New_AS_048.wav,572.2391414215123,AS
New_AS_049.wav,377.81705946264,AS
New_AS_050.wav,410.2301534077871,AS
New_AS_051.wav,400.63825971812696,AS
New_AS_052.wav,400.7671394621965,AS
New_AS_053.wav,397.52114034040335,AS
New_AS_054.wav,397.0049210935421,AS
New_AS_055.wav,396.68766086325917,AS
New_AS_056.wav,405.94887418072983,AS
New_AS_057.wav,389.9559674677051,AS
New_AS_058.wav,398.3338869597494,AS
New_AS_059.wav,388.46912428132674,AS
New_AS_060.wav,387.4566357846103,AS
New_AS_061.wav,398.2373109654026,AS
New_AS_062.wav,391.40356226553047,AS
New_AS_063.wav,388.4491316155129,AS
New_AS_064.wav,396.034894621487,AS
New_AS_065.wav,393.6606803600648,AS
New_AS_066.wav,387.71374518440405,AS
New_AS_067.wav,385.9217522573008,AS
New_AS_068.wav,383.9863360755168,AS
New_AS_069.wav,393.4457061701165,AS
New_AS_070.wav,402.5197708333935,AS
New_AS_071.wav,379.3144148805216,AS
New_AS_072.wav,391.4164443775784,AS
New_AS_073.wav,385.58288077727804,AS
New_AS_074.wav,392.68211969893264,AS
New_AS_075.wav,396.16587960309323,AS
New_AS_076.wav,388.15316146093556,AS
New_AS_077.wav,365.3510346889344,AS
New_AS_078.wav,367.3096851150942,AS
New_AS_079.wav,360.9813908467944,AS
New_AS_080.wav,365.2973841915888,AS
New_AS_081.wav,367.58939381711116,AS
New_AS_082.wav,365.4436398427282,AS
New_AS_083.wav,372.2853045138522,AS
New_AS_084.wav,367.18854425688863,AS
New_AS_085.wav,354.47515777408825,AS
New_AS_086.wav,367.42557846131723,AS
New_AS_087.wav,366.20085933465714,AS
New_AS_088.wav,361.0705938522781,AS
New_AS_089.wav,375.34376631503153,AS
New_AS_090.wav,364.4673312915812,AS
New_AS_091.wav,359.5296781223846,AS
New_AS_092.wav,361.7072947116054,AS
New_AS_093.wav,372.33799601872005,AS
New_AS_094.wav,364.46879362859306,AS
New_AS_095.wav,372.2328320954152,AS
New_AS_096.wav,369.41198307417926,AS
New_AS_097.wav,357.33864401764964,AS
New_AS_098.wav,361.4973916732724,AS
New_AS_099.wav,361.4170869384885,AS
New_AS_100.wav,567.1111029912063,AS
New_AS_101.wav,363.4472222925761,AS
New_AS_102.wav,369.73979126671605,AS
New_AS_103.wav,356.9991040353659,AS
New_AS_104.wav,354.71312657268254,AS
New_AS_105.wav,375.55421831520886,AS
New_AS_106.wav,351.9132207728458,AS
New_AS_107.wav,366.7719378269312,AS
New_AS_108.wav,373.84510173334894,AS
New_AS_109.wav,366.7157546087157,AS
New_AS_110.wav,356.42925887037387,AS
New_AS_111.wav,164.46116571466658,AS
New_AS_112.wav,188.10264094352016,AS
New_AS_113.wav,198.1390951007598,AS
New_AS_114.wav,212.02410912449204,AS
New_AS_115.wav,355.77486133720237,AS
New_AS_116.wav,368.3273410015597,AS
New_AS_117.wav,361.41166944429403,AS
New_AS_118.wav,368.1914298190508,AS
New_AS_119.wav,351.98298572730414,AS
New_AS_120.wav,366.09614425930306,AS
New_AS_121.wav,361.2954196257146,AS
New_AS_122.wav,366.44894634473116,AS
New_AS_123.wav,364.01453313697044,AS
New_AS_124.wav,372.95239241576684,AS
New_AS_125.wav,366.68055825385716,AS
New_AS_126.wav,360.414173744699,AS
New_AS_127.wav,371.33932476458097,AS
New_AS_128.wav,564.0685676101635,AS
New_AS_129.wav,650.282773209895,AS
New_AS_130.wav,647.9504197538008,AS
New_AS_131.wav,876.6151744878539,AS
New_AS_132.wav,950.6385603957514,AS
New_AS_133.wav,781.4545425945321,AS
New_AS_134.wav,381.0423731941021,AS
New_AS_135.wav,864.5388107313914,AS
New_AS_136.wav,602.3944011071598,AS
New_AS_137.wav,616.5656266525015,AS
New_AS_138.wav,624.5967951589249,AS
New_AS_139.wav,608.1584812912497,AS
New_AS_140.wav,891.2386229605669,AS
New_AS_141.wav,902.5036788899116,AS
New_AS_142.wav,895.4894942501451,AS
New_AS_143.wav,812.5751809718865,AS
New_AS_144.wav,719.2186004655454,AS
New_AS_145.wav,686.0233370125527,AS
New_AS_146.wav,708.4766533488266,AS
New_AS_147.wav,704.5428238828516,AS
New_AS_148.wav,739.6743978239157,AS
New_AS_149.wav,684.6738838675942,AS
New_AS_150.wav,678.2517065932292,AS
New_AS_151.wav,683.0395251617725,AS
New_AS_152.wav,824.1635587775694,AS
New_AS_153.wav,844.6671873811472,AS
New_AS_154.wav,833.7174377665018,AS
New_AS_155.wav,801.6159744093136,AS
New_AS_156.wav,599.5570073884919,AS
New_AS_157.wav,614.0188935786407,AS
New_AS_158.wav,621.6877909955997,AS
New_AS_159.wav,602.0366549464472,AS
New_AS_160.wav,526.019873358998,AS
New_AS_161.wav,556.6641055741305,AS
New_AS_162.wav,549.6147340932462,AS
New_AS_163.wav,543.2344226429482,AS
New_AS_164.wav,768.4887275790919,AS
New_AS_165.wav,756.5810474176941,AS
New_AS_166.wav,618.5255666550426,AS
New_AS_167.wav,627.0068007320525,AS
New_AS_168.wav,623.0738373602583,AS
New_AS_169.wav,614.7553122308796,AS
New_AS_170.wav,744.6011578411138,AS
New_AS_171.wav,748.1679688578188,AS
New_AS_172.wav,573.7227618092596,AS
New_AS_173.wav,641.3416745309962,AS
New_AS_174.wav,627.3979045029092,AS
New_AS_175.wav,676.0563662114356,AS
New_AS_176.wav,625.825479752705,AS
New_AS_177.wav,638.6277103629938,AS
New_AS_178.wav,678.686049854563,AS
New_AS_179.wav,625.5545619330005,AS
New_AS_180.wav,976.22564008028,AS
New_AS_181.wav,965.7956370411314,AS
New_AS_182.wav,949.3089214123223,AS
New_AS_183.wav,962.6863555517308,AS
New_AS_184.wav,528.3911274618998,AS
New_AS_185.wav,539.1056071482623,AS
New_AS_186.wav,562.7158293732662,AS
New_AS_187.wav,556.2971094428328,AS
New_AS_188.wav,441.31616754419116,AS
New_AS_189.wav,435.65681483315126,AS
New_AS_190.wav,524.0185838654577,AS
New_AS_191.wav,526.021762215913,AS
New_AS_192.wav,931.6607105188383,AS
New_AS_193.wav,933.3357795557886,AS
New_AS_194.wav,974.275132267779,AS
New_AS_195.wav,973.5956632529528,AS
New_AS_196.wav,277.04296404853204,AS
New_AS_197.wav,291.68596499389616,AS
New_AS_198.wav,292.67671540744794,AS
New_AS_199.wav,275.66065812862576,AS
New_AS_200.wav,290.601327336096,AS
New_MR_001.wav,211.72387892575955,MR
New_MR_002.wav,208.63840452136185,MR
New_MR_003.wav,218.0163048028912,MR
New_MR_004.wav,229.991883317308,MR
New_MR_005.wav,170.48600490395765,MR
New_MR_006.wav,198.02172812184293,MR
New_MR_007.wav,185.796881492893,MR
New_MR_008.wav,200.0496253516729,MR
New_MR_009.wav,206.8940280860611,MR
New_MR_010.wav,202.48666368282414,MR
New_MR_011.wav,217.04271275483006,MR
New_MR_012.wav,230.49506393657344,MR
New_MR_013.wav,234.15556373721788,MR
New_MR_014.wav,217.2662613520853,MR
New_MR_015.wav,190.0644507767423,MR
New_MR_016.wav,196.91473237301744,MR
New_MR_017.wav,222.62591986066366,MR
New_MR_018.wav,202.32469916980176,MR
New_MR_019.wav,207.47363877551,MR
New_MR_020.wav,191.36258094081768,MR
New_MR_021.wav,190.20511846359818,MR
New_MR_022.wav,202.70163815703816,MR
New_MR_023.wav,204.86001234233714,MR
New_MR_024.wav,202.52135551057353,MR
New_MR_025.wav,225.28873389322038,MR
New_MR_026.wav,475.1516197009054,MR
New_MR_027.wav,479.80468217260756,MR
New_MR_028.wav,485.88012510240895,MR
New_MR_029.wav,466.50821683767305,MR
New_MR_030.wav,486.0398868401896,MR
New_MR_031.wav,486.84357572001056,MR
New_MR_032.wav,496.53897585858283,MR
New_MR_033.wav,476.3925913554813,MR
New_MR_034.wav,551.241176224318,MR
New_MR_035.wav,565.11671483122,MR
New_MR_036.wav,563.2010228868802,MR
New_MR_037.wav,515.5178218043801,MR
New_MR_038.wav,445.4430108479507,MR
New_MR_039.wav,481.5905655642535,MR
New_MR_040.wav,379.18581395703154,MR
New_MR_041.wav,407.70098509974105,MR
New_MR_042.wav,400.1645187646817,MR
New_MR_043.wav,403.947488635443,MR
New_MR_044.wav,407.8352750425977,MR
New_MR_045.wav,501.95443460267944,MR
New_MR_046.wav,422.1735641238104,MR
New_MR_047.wav,432.1553395605157,MR
New_MR_048.wav,430.8008647999404,MR
New_MR_049.wav,448.7374199635082,MR
New_MR_050.wav,421.00547189199926,MR
New_MR_051.wav,573.2672413672451,MR
New_MR_052.wav,470.91104609442164,MR
New_MR_053.wav,479.4128198203048,MR
New_MR_054.wav,488.7012569170549,MR
New_MR_055.wav,472.121116553121,MR
New_MR_056.wav,483.7850514951033,MR
New_MR_057.wav,486.2201503346463,MR
New_MR_058.wav,482.1360154716911,MR
New_MR_059.wav,465.7918418165327,MR
New_MR_060.wav,481.45404714998335,MR
New_MR_061.wav,478.34323125509997,MR
New_MR_062.wav,472.89992000968533,MR
New_MR_063.wav,482.16739508731007,MR
New_MR_064.wav,486.80879160557487,MR
New_MR_065.wav,471.3188280552925,MR
New_MR_066.wav,500.0672690846443,MR
New_MR_067.wav,508.02922618300755,MR
New_MR_068.wav,485.4218859655261,MR
New_MR_069.wav,479.6099891444191,MR
New_MR_070.wav,491.1193204447242,MR
New_MR_071.wav,483.0468074370021,MR
New_MR_072.wav,488.27418226407536,MR
New_MR_073.wav,490.84351730445934,MR
New_MR_074.wav,473.86137787334883,MR
New_MR_075.wav,497.9532841702658,MR
New_MR_076.wav,491.3217956182718,MR
New_MR_077.wav,493.56583265706513,MR
New_MR_078.wav,489.5300074279854,MR
New_MR_079.wav,473.1573902209129,MR
New_MR_080.wav,174.47079356272607,MR
New_MR_081.wav,259.71095304475074,MR
New_MR_082.wav,557.6479553579305,MR
New_MR_083.wav,547.3621892507462,MR
New_MR_084.wav,566.6366669638242,MR
New_MR_085.wav,491.4796042041317,MR
New_MR_086.wav,499.4164346327959,MR
New_MR_087.wav,503.7338859506452,MR
New_MR_088.wav,671.8720297443123,MR
New_MR_089.wav,642.4109780360105,MR
New_MR_090.wav,652.284427610424,MR
New_MR_091.wav,629.885936106151,MR
New_MR_092.wav,649.82784742602,MR
New_MR_093.wav,622.4826706774621,MR
New_MR_094.wav,650.9241137280852,MR
New_MR_095.wav,627.4484847367127,MR
New_MR_096.wav,655.3384160894417,MR
New_MR_097.wav,655.4368519752995,MR
New_MR_098.wav,658.3753892909629,MR
New_MR_099.wav,648.7615234960792,MR
New_MR_100.wav,659.2439177209708,MR
New_MR_101.wav,639.8690698160025,MR
New_MR_102.wav,481.3285238063952,MR
New_MR_103.wav,487.9683101124458,MR
New_MR_104.wav,477.7546282581637,MR
New_MR_105.wav,482.37543772892815,MR
New_MR_106.wav,493.8012044046821,MR
New_MR_107.wav,491.6166223031856,MR
New_MR_108.wav,490.7699623042554,MR
New_MR_109.wav,488.64072752630074,MR
New_MR_110.wav,478.98925615210135,MR
New_MR_111.wav,477.4372051134126,MR
New_MR_112.wav,475.80578381420077,MR
New_MR_113.wav,486.06391160541415,MR
New_MR_114.wav,505.851585560195,MR
New_MR_115.wav,484.958533536795,MR
New_MR_116.wav,489.21388183550744,MR
New_MR_117.wav,479.66938424282847,MR
New_MR_118.wav,486.3309747836465,MR
New_MR_119.wav,478.6695441452273,MR
New_MR_120.wav,484.6129767037875,MR
New_MR_121.wav,485.6686705349279,MR
New_MR_122.wav,481.003471797632,MR
New_MR_123.wav,483.00618758331257,MR
New_MR_124.wav,482.6238369736466,MR
New_MR_125.wav,489.2565205886474,MR
New_MR_126.wav,493.7225680025601,MR
New_MR_127.wav,467.4410414865719,MR
New_MR_128.wav,488.3177836038688,MR
New_MR_129.wav,477.3318348736969,MR
New_MR_130.wav,471.6392750802304,MR
New_MR_131.wav,475.32627367858834,MR
New_MR_132.wav,490.00091211609737,MR
New_MR_133.wav,473.7344841655879,MR
New_MR_134.wav,488.5115432607503,MR
New_MR_135.wav,464.9107812517229,MR
New_MR_136.wav,495.16744051584845,MR
New_MR_137.wav,485.41017296687386,MR
New_MR_138.wav,498.20025108481445,MR
New_MR_139.wav,457.1043876167676,MR
New_MR_140.wav,495.6826483287438,MR
New_MR_141.wav,486.87692559647127,MR
New_MR_142.wav,497.7548189838135,MR
New_MR_143.wav,488.5190326171845,MR
New_MR_144.wav,489.96602884558104,MR
New_MR_145.wav,486.20631724404495,MR
New_MR_146.wav,501.8264157426397,MR
New_MR_147.wav,494.0770951648815,MR
New_MR_148.wav,479.15302108760807,MR
New_MR_149.wav,484.6519638817992,MR
New_MR_150.wav,497.12504925253546,MR
New_MR_151.wav,488.86255577110677,MR
New_MR_152.wav,479.0372312035777,MR
New_MR_153.wav,482.1663026584288,MR
New_MR_154.wav,481.4292283080384,MR
New_MR_155.wav,481.92747970791714,MR
New_MR_156.wav,499.5739272547773,MR
New_MR_157.wav,474.9021445226222,MR
New_MR_158.wav,480.3392896892077,MR
New_MR_159.wav,466.36745005086664,MR
New_MR_160.wav,495.6170193391178,MR
New_MR_161.wav,487.89168563807607,MR
New_MR_162.wav,483.87282185981616,MR
New_MR_163.wav,498.37941684642857,MR
New_MR_164.wav,500.8665793459778,MR
New_MR_165.wav,494.43677626948073,MR
New_MR_166.wav,472.3055634541499,MR
New_MR_167.wav,468.24783464812225,MR
New_MR_168.wav,482.2065280398804,MR
New_MR_169.wav,472.85172858624685,MR
New_MR_170.wav,484.3542887776248,MR
New_MR_171.wav,473.41408260740917,MR
New_MR_172.wav,488.62956069367436,MR
New_MR_173.wav,494.3652690271304,MR
New_MR_174.wav,468.7331325631608,MR
New_MR_175.wav,476.2474976318748,MR
New_MR_176.wav,471.02321909224895,MR
New_MR_177.wav,472.24845499403494,MR
New_MR_178.wav,484.12657661617203,MR
New_MR_179.wav,472.8871888221047,MR
New_MR_180.wav,472.77601667364956,MR
New_MR_181.wav,477.4144586560758,MR
New_MR_182.wav,493.1833523025181,MR
New_MR_183.wav,485.02411467315596,MR
New_MR_184.wav,477.50219676827527,MR
New_MR_185.wav,476.57141149950695,MR
New_MR_186.wav,965.1364140332306,MR
New_MR_187.wav,958.9351514187198,MR
New_MR_188.wav,981.6389145911753,MR
New_MR_189.wav,944.8009256606252,MR
New_MR_190.wav,995.737610801106,MR
New_MR_191.wav,968.095529630875,MR
New_MR_192.wav,978.3393018375466,MR
New_MR_193.wav,966.500814371177,MR
New_MR_194.wav,324.5614595580645,MR
New_MR_195.wav,322.305043388438,MR
New_MR_196.wav,324.38132402447195,MR
New_MR_197.wav,316.42967703004916,MR
New_MR_198.wav,327.99026109479144,MR
New_MR_199.wav,330.0635269207179,MR
New_MR_200.wav,323.8041037613487,MR
New_MS_001.wav,379.18938188426426,MS
New_MS_002.wav,367.2197220043982,MS
New_MS_003.wav,373.7496367585312,MS
New_MS_004.wav,356.2025853889695,MS
New_MS_005.wav,207.86683489419647,MS
New_MS_006.wav,197.5177920837377,MS
New_MS_007.wav,235.27603678446596,MS
New_MS_008.wav,261.89936863351215,MS
New_MS_009.wav,267.7983452982668,MS
New_MS_010.wav,260.197369116615,MS
New_MS_011.wav,234.49585049788504,MS
New_MS_012.wav,253.14360781691977,MS
New_MS_013.wav,260.2378156698944,MS
New_MS_014.wav,252.20524697751594,MS
New_MS_015.wav,787.7682357285677,MS
New_MS_016.wav,689.1980497774745,MS
New_MS_017.wav,332.19310691740094,MS
New_MS_018.wav,333.3629905171744,MS
New_MS_019.wav,353.21022583905886,MS
New_MS_020.wav,334.27666171657796,MS
New_MS_021.wav,198.65969730597078,MS
New_MS_022.wav,179.9961283537404,MS
New_MS_023.wav,268.043031918582,MS
New_MS_024.wav,253.2659608467958,MS
New_MS_025.wav,260.67278289271775,MS
New_MS_026.wav,176.7430147996174,MS
New_MS_027.wav,261.2103718659365,MS
New_MS_028.wav,274.48859449585495,MS
New_MS_029.wav,172.52957078585,MS
New_MS_030.wav,269.880021696375,MS
New_MS_031.wav,282.6983979407078,MS
New_MS_032.wav,268.36069806538933,MS
New_MS_033.wav,187.49869455449883,MS
New_MS_034.wav,177.4851139051099,MS
New_MS_035.wav,196.51236970150646,MS
New_MS_036.wav,195.0649929292029,MS
New_MS_037.wav,205.1902733832372,MS
New_MS_038.wav,179.985267140868,MS
New_MS_039.wav,181.10658583254707,MS
New_MS_040.wav,187.5152193687713,MS
New_MS_041.wav,173.5867239295785,MS
New_MS_042.wav,182.25607215501347,MS
New_MS_043.wav,195.25927193952091,MS
New_MS_044.wav,182.80779526620012,MS
New_MS_045.wav,190.21451845895027,MS
New_MS_046.wav,176.82819552296237,MS
New_MS_047.wav,180.15278228956365,MS
New_MS_048.wav,179.22713801892448,MS
New_MS_049.wav,378.2586526611521,MS
New_MS_050.wav,363.92721121393066,MS
New_MS_051.wav,369.5392272996886,MS
New_MS_052.wav,373.2695821663243,MS
New_MS_053.wav,277.6544433342931,MS
New_MS_054.wav,269.38691749989255,MS
New_MS_055.wav,278.679719770735,MS
New_MS_056.wav,270.8811679309895,MS
New_MS_057.wav,277.10371855917015,MS
New_MS_058.wav,273.76495438494453,MS
New_MS_059.wav,183.43482001303096,MS
New_MS_060.wav,199.74380885174352,MS
New_MS_061.wav,260.8237255345603,MS
New_MS_062.wav,174.1249796034239,MS
New_MS_063.wav,263.2584607273442,MS
New_MS_064.wav,240.45617640632594,MS
New_MS_065.wav,174.58609119404392,MS
New_MS_066.wav,277.7990790884319,MS
New_MS_067.wav,284.68724283170565,MS
New_MS_068.wav,274.5191570044192,MS
New_MS_069.wav,260.687252610036,MS
New_MS_070.wav,187.5157136326538,MS
New_MS_071.wav,197.0416830036018,MS
New_MS_072.wav,184.2479058763127,MS
New_MS_073.wav,197.9487727048684,MS
New_MS_074.wav,181.54130896897058,MS
New_MS_075.wav,197.79708442552712,MS
New_MS_076.wav,185.55130918373945,MS
New_MS_077.wav,175.66546764350085,MS
New_MS_078.wav,188.0173070715999,MS
New_MS_079.wav,212.3188502116025,MS
New_MS_080.wav,192.81572830564735,MS
New_MS_081.wav,182.08326634439902,MS
New_MS_082.wav,173.99916315071636,MS
New_MS_083.wav,190.3912434232627,MS
New_MS_084.wav,191.35732492885322,MS
New_MS_085.wav,180.45085513780114,MS
New_MS_086.wav,190.91595195173565,MS
New_MS_087.wav,610.4665822440995,MS
New_MS_088.wav,783.0082255878757,MS
New_MS_089.wav,732.2540533651353,MS
New_MS_090.wav,368.481489884712,MS
New_MS_091.wav,382.41543869538486,MS
New_MS_092.wav,408.2167595432243,MS
New_MS_093.wav,406.0706643688454,MS
New_MS_094.wav,402.04667826618834,MS
New_MS_095.wav,387.63219094115016,MS
New_MS_096.wav,403.98556811486065,MS
New_MS_097.wav,400.40307531933274,MS
New_MS_098.wav,393.3977199072723,MS
New_MS_099.wav,398.9341584089228,MS
New_MS_100.wav,376.2077214485012,MS
New_MS_101.wav,390.95404595774926,MS
New_MS_102.wav,410.96196172600185,MS
New_MS_103.wav,397.37809051522464,MS
New_MS_104.wav,399.65220264880116,MS
New_MS_105.wav,381.72745476462256,MS
New_MS_106.wav,389.8228372480057,MS
New_MS_107.wav,392.4351533367002,MS
New_MS_108.wav,387.54612314259947,MS
New_MS_109.wav,391.75294565033624,MS
New_MS_110.wav,388.80663292872345,MS
New_MS_111.wav,371.4349169025519,MS
New_MS_112.wav,376.5518900122957,MS
New_MS_113.wav,401.5481447222724,MS
New_MS_114.wav,404.8379273336374,MS
New_MS_115.wav,395.6268866436827,MS
New_MS_116.wav,395.0421196220646,MS
New_MS_117.wav,443.41011491349053,MS
New_MS_118.wav,730.4020745068565,MS
New_MS_119.wav,158.139146143155,MS
New_MS_120.wav,169.93417600939233,MS
New_MS_121.wav,176.74122067872193,MS
New_MS_122.wav,171.24370892091403,MS
New_MS_123.wav,175.93546972481664,MS
New_MS_124.wav,163.93678922227716,MS
New_MS_125.wav,140.43859684260823,MS
New_MS_126.wav,139.4488872081354,MS
New_MS_127.wav,142.09696819442672,MS
New_MS_128.wav,144.01931490905162,MS
New_MS_129.wav,580.32823924722,MS
New_MS_130.wav,585.2234092583899,MS
New_MS_131.wav,622.6358829612342,MS
New_MS_132.wav,609.0972646455494,MS
New_MS_133.wav,625.7766965875136,MS
New_MS_134.wav,610.8330882051016,MS
New_MS_135.wav,619.3301518519471,MS
New_MS_136.wav,610.6431160369882,MS
New_MS_137.wav,620.3608718717738,MS
New_MS_138.wav,610.902712137843,MS
New_MS_139.wav,612.612122600741,MS
New_MS_140.wav,597.8615557132281,MS
New_MS_141.wav,596.8377994238971,MS
New_MS_142.wav,590.64493805213,MS
New_MS_143.wav,617.6818514987332,MS
New_MS_144.wav,602.2952808638418,MS
New_MS_145.wav,614.4497548788727,MS
New_MS_146.wav,609.0666198143248,MS
New_MS_147.wav,619.8984808305631,MS
New_MS_148.wav,595.2886874631764,MS
New_MS_149.wav,607.045203242177,MS
New_MS_150.wav,615.103517641631,MS
New_MS_151.wav,628.2183249747548,MS
New_MS_152.wav,617.7516048737704,MS
New_MS_153.wav,614.0211112716883,MS
New_MS_154.wav,617.6718789826813,MS
New_MS_155.wav,592.1929925132708,MS
New_MS_156.wav,597.2711205026515,MS
New_MS_157.wav,614.594597224507,MS
New_MS_158.wav,601.0025625582857,MS
New_MS_159.wav,614.7150907963974,MS
New_MS_160.wav,601.7146913256155,MS
New_MS_161.wav,610.672937455775,MS
New_MS_162.wav,591.3362676621136,MS
New_MS_163.wav,611.9906826764275,MS
New_MS_164.wav,608.1103040341113,MS
New_MS_165.wav,622.663424003875,MS
New_MS_166.wav,616.1490079055396,MS
New_MS_167.wav,604.9987649083977,MS
New_MS_168.wav,600.8941500045186,MS
New_MS_169.wav,753.9462982586459,MS
New_MS_170.wav,754.0694817954261,MS
New_MS_171.wav,720.8155272662855,MS
New_MS_172.wav,387.7360574717718,MS
New_MS_173.wav,398.51162125899657,MS
New_MS_174.wav,346.1115454229362,MS
New_MS_175.wav,347.2256935166607,MS
New_MS_176.wav,288.3556510449444,MS
New_MS_178.wav,292.09706469324914,MS
New_MS_177.wav,289.44383958952073,MS
New_MS_179.wav,290.05406970423076,MS
New_MS_180.wav,196.99819831702362,MS
New_MS_181.wav,189.80463070598,MS
New_MS_182.wav,263.3724013157574,MS
New_MS_183.wav,176.12730195438456,MS
New_MS_184.wav,254.37423236799987,MS
New_MS_185.wav,269.6093216291994,MS
New_MS_186.wav,175.75700072085667,MS
New_MS_187.wav,261.5428136423793,MS
New_MS_188.wav,270.87140812343534,MS
New_MS_189.wav,268.20480905206813,MS
New_MS_190.wav,278.28895513460554,MS
New_MS_191.wav,182.31423675272302,MS
New_MS_192.wav,184.5187311140634,MS
New_MS_193.wav,178.23750990256846,MS
New_MS_194.wav,185.85152301273052,MS
New_MS_195.wav,175.10197441092433,MS
New_MS_196.wav,195.03905093785266,MS
New_MS_197.wav,183.96476537148376,MS
New_MS_198.wav,193.40459986240236,MS
New_MS_199.wav,186.6217971644204,MS
New_MS_200.wav,196.03804838384056,MS
New_MVP_001.wav,903.5830567296273,MVP
New_MVP_002.wav,900.5759883397062,MVP
New_MVP_003.wav,1157.5524500496172,MVP
New_MVP_004.wav,391.50281685668466,MVP
New_MVP_005.wav,379.5417038830709,MVP
New_MVP_006.wav,379.89981046922395,MVP
New_MVP_007.wav,377.59397860687267,MVP
New_MVP_008.wav,383.0322796832157,MVP
New_MVP_009.wav,381.23492924181147,MVP
New_MVP_010.wav,405.26668610318944,MVP
New_MVP_011.wav,386.55206897613573,MVP
New_MVP_012.wav,387.0792369258328,MVP
New_MVP_013.wav,387.9071024583823,MVP
New_MVP_014.wav,374.5830131481585,MVP
New_MVP_015.wav,393.66939739114054,MVP
New_MVP_016.wav,399.748128926011,MVP
New_MVP_017.wav,380.08975198502606,MVP
New_MVP_018.wav,407.0506830170771,MVP
New_MVP_019.wav,393.36976640526564,MVP
New_MVP_020.wav,398.62670309688184,MVP
New_MVP_021.wav,383.82424215966245,MVP
New_MVP_022.wav,373.279288212147,MVP
New_MVP_023.wav,385.4332013817598,MVP
New_MVP_024.wav,381.364645518785,MVP
New_MVP_025.wav,387.10878400159635,MVP
New_MVP_026.wav,396.85471796692457,MVP
New_MVP_027.wav,398.92616999541787,MVP
New_MVP_028.wav,394.39276126762974,MVP
New_MVP_029.wav,391.24563576668055,MVP
New_MVP_030.wav,385.45362450865537,MVP
New_MVP_031.wav,397.5548577737916,MVP
New_MVP_033.wav,397.5377605195447,MVP
New_MVP_032.wav,394.09997973468893,MVP
New_MVP_034.wav,387.9437417063455,MVP
New_MVP_035.wav,380.69833970101394,MVP
New_MVP_036.wav,394.71653717081796,MVP
New_MVP_037.wav,381.7506020300309,MVP
New_MVP_038.wav,382.31399666803395,MVP
New_MVP_039.wav,392.8084260576677,MVP
New_MVP_040.wav,392.2586934671601,MVP
New_MVP_041.wav,388.070834254523,MVP
New_MVP_042.wav,388.82944293015674,MVP
New_MVP_043.wav,389.7650050359211,MVP
New_MVP_044.wav,394.68626746984427,MVP
New_MVP_045.wav,394.18985287017364,MVP
New_MVP_046.wav,391.3772685207262,MVP
New_MVP_047.wav,381.5302105274026,MVP
New_MVP_048.wav,389.1392043525745,MVP
New_MVP_049.wav,397.8078691173044,MVP
New_MVP_050.wav,393.6534115345159,MVP
New_MVP_051.wav,393.5037361787449,MVP
New_MVP_052.wav,382.76442932542113,MVP
New_MVP_053.wav,386.39905956419165,MVP
New_MVP_054.wav,409.9946410439782,MVP
New_MVP_055.wav,392.0976329470898,MVP
New_MVP_056.wav,386.4758026820408,MVP
New_MVP_057.wav,386.2825776739248,MVP
New_MVP_058.wav,407.60587898008043,MVP
New_MVP_059.wav,399.1438394225539,MVP
New_MVP_060.wav,392.624767412707,MVP
New_MVP_061.wav,386.408904516308,MVP
New_MVP_062.wav,390.463694540487,MVP
New_MVP_063.wav,395.03025403264473,MVP
New_MVP_064.wav,433.1231643529665,MVP
New_MVP_065.wav,434.4741242984218,MVP
New_MVP_066.wav,418.0429582556719,MVP
New_MVP_067.wav,427.35123242056835,MVP
New_MVP_068.wav,432.79279703507586,MVP
New_MVP_069.wav,414.2185098985992,MVP
New_MVP_070.wav,417.0920621423988,MVP
New_MVP_071.wav,424.043393383067,MVP
New_MVP_072.wav,417.9454414719978,MVP
New_MVP_073.wav,421.11285831018006,MVP
New_MVP_074.wav,424.209352671593,MVP
New_MVP_075.wav,436.9226542286568,MVP
New_MVP_076.wav,421.55367244483017,MVP
New_MVP_077.wav,419.4240061900732,MVP
New_MVP_078.wav,426.454805454937,MVP
New_MVP_079.wav,435.3932718003305,MVP
New_MVP_080.wav,418.7154767508471,MVP
New_MVP_081.wav,418.2688211032005,MVP
New_MVP_082.wav,422.5990082506616,MVP
New_MVP_083.wav,432.0141278005835,MVP
New_MVP_084.wav,439.248450138522,MVP
New_MVP_085.wav,433.3527049599547,MVP
New_MVP_086.wav,414.893860644215,MVP
New_MVP_087.wav,421.4694912258251,MVP
New_MVP_088.wav,442.338600727436,MVP
New_MVP_089.wav,423.9010574230428,MVP
New_MVP_090.wav,422.813105743752,MVP
New_MVP_091.wav,426.1745321264597,MVP
New_MVP_092.wav,435.24949072792725,MVP
New_MVP_093.wav,443.3718107121317,MVP
New_MVP_094.wav,428.80908030743296,MVP
New_MVP_095.wav,416.9586185970573,MVP
New_MVP_096.wav,425.50713485184167,MVP
New_MVP_097.wav,434.2852195746387,MVP
New_MVP_098.wav,223.82339442143697,MVP
New_MVP_099.wav,238.18694442598678,MVP
New_MVP_100.wav,225.4748506182731,MVP
New_MVP_101.wav,246.21728794947032,MVP
New_MVP_102.wav,237.0780614497788,MVP
New_MVP_103.wav,241.73448613346673,MVP
New_MVP_104.wav,610.6788747960379,MVP
New_MVP_105.wav,194.6344385668778,MVP
New_MVP_106.wav,228.38613721552983,MVP
New_MVP_107.wav,225.10112927550068,MVP
New_MVP_108.wav,235.40514156575156,MVP
New_MVP_109.wav,836.7538429946787,MVP
New_MVP_110.wav,835.843559813392,MVP
New_MVP_111.wav,917.7774663193263,MVP
New_MVP_112.wav,933.2798109930588,MVP
New_MVP_113.wav,941.9975258029656,MVP
New_MVP_114.wav,937.1671828106345,MVP
New_MVP_115.wav,946.6954814941041,MVP
New_MVP_116.wav,940.71976422197,MVP
New_MVP_117.wav,942.3100016840624,MVP
New_MVP_118.wav,935.5195385554011,MVP
New_MVP_119.wav,936.2854866027486,MVP
New_MVP_120.wav,939.9757356430343,MVP
New_MVP_121.wav,934.8422949092015,MVP
New_MVP_122.wav,944.7760926739026,MVP
New_MVP_123.wav,283.7855302839261,MVP
New_MVP_124.wav,286.59059149560466,MVP
New_MVP_125.wav,263.60594806673635,MVP
New_MVP_126.wav,267.83455127330285,MVP
New_MVP_127.wav,220.07068440662775,MVP
New_MVP_128.wav,221.9645636150923,MVP
New_MVP_129.wav,229.05427553289067,MVP
New_MVP_130.wav,268.8324214501479,MVP
New_MVP_131.wav,301.93314109405503,MVP
New_MVP_132.wav,269.6061863587754,MVP
New_MVP_133.wav,251.04763150686986,MVP
New_MVP_134.wav,262.6680819578146,MVP
New_MVP_135.wav,204.58988335929584,MVP
New_MVP_136.wav,251.02492258066016,MVP
New_MVP_137.wav,231.98092703446554,MVP
New_MVP_138.wav,268.5368406852548,MVP
New_MVP_139.wav,303.8741246666259,MVP
New_MVP_140.wav,278.15425937869605,MVP
New_MVP_141.wav,291.0990821649699,MVP
New_MVP_142.wav,237.52741079789644,MVP
New_MVP_143.wav,230.85524247748722,MVP
New_MVP_144.wav,242.63446848199592,MVP
New_MVP_145.wav,276.2003895886405,MVP
New_MVP_146.wav,294.6726695918736,MVP
New_MVP_147.wav,298.1273767867647,MVP
New_MVP_148.wav,261.2343538206706,MVP
New_MVP_149.wav,270.93769884364133,MVP
New_MVP_150.wav,217.6598616584082,MVP
New_MVP_151.wav,237.188660010057,MVP
New_MVP_152.wav,226.6236597578835,MVP
New_MVP_153.wav,302.15132185047617,MVP
New_MVP_154.wav,300.58534082532213,MVP
New_MVP_155.wav,284.1456306456973,MVP
New_MVP_156.wav,257.0196618028031,MVP
New_MVP_157.wav,243.83089886403246,MVP
New_MVP_158.wav,206.80056214656605,MVP
New_MVP_159.wav,252.8339966950527,MVP
New_MVP_160.wav,262.50907511668225,MVP
New_MVP_161.wav,293.6890122871905,MVP
New_MVP_162.wav,307.1484333518115,MVP
New_MVP_163.wav,257.73326141838055,MVP
New_MVP_164.wav,265.21765253383774,MVP
New_MVP_165.wav,216.32976167833564,MVP
New_MVP_166.wav,229.37179253187472,MVP
New_MVP_167.wav,234.52129330518352,MVP
New_MVP_168.wav,275.5390982145313,MVP
New_MVP_169.wav,306.8307052435775,MVP
New_MVP_170.wav,270.07186559549507,MVP
New_MVP_171.wav,263.61374636856215,MVP
New_MVP_172.wav,272.8390451970545,MVP
New_MVP_173.wav,214.58836469947917,MVP
New_MVP_174.wav,225.6011322835273,MVP
New_MVP_175.wav,925.3740822943736,MVP
New_MVP_176.wav,871.6376559435264,MVP
New_MVP_177.wav,349.4972742623559,MVP
New_MVP_178.wav,367.00021790127767,MVP
New_MVP_179.wav,386.0172759128127,MVP
New_MVP_180.wav,372.8965629515584,MVP
New_MVP_181.wav,390.9481550896402,MVP
New_MVP_182.wav,372.25250439469,MVP
New_MVP_183.wav,388.2464234391046,MVP
New_MVP_184.wav,351.5480271823104,MVP
New_MVP_185.wav,928.3075682334942,MVP
New_MVP_186.wav,868.9320457161001,MVP
New_MVP_187.wav,925.4088814442183,MVP
New_MVP_188.wav,871.74488870121,MVP
New_MVP_189.wav,934.2544225967006,MVP
New_MVP_190.wav,945.0579631638158,MVP
New_MVP_191.wav,236.35903261910184,MVP
New_MVP_192.wav,230.66114065008537,MVP
New_MVP_193.wav,236.95140571611196,MVP
New_MVP_194.wav,229.49845554078732,MVP
New_MVP_195.wav,239.63657630811147,MVP
New_MVP_196.wav,235.26587129410507,MVP
New_MVP_197.wav,473.78830154975685,MVP
New_MVP_198.wav,494.8795580893614,MVP
New_MVP_199.wav,1049.285757889719,MVP
New_MVP_200.wav,1031.0925556238126,MVP
New_N_001.wav,308.7673116828391,N
New_N_002.wav,320.3476952924604,N
New_N_003.wav,317.7654884211883,N
New_N_004.wav,311.7648393005895,N
New_N_005.wav,323.75675347927665,N
New_N_006.wav,305.7899477315763,N
New_N_007.wav,318.4455780335717,N
New_N_008.wav,317.0394862021746,N
New_N_009.wav,300.2184329570903,N
New_N_010.wav,324.38941888354475,N
New_N_011.wav,307.4322562538545,N
New_N_012.wav,318.2074036836841,N
New_N_013.wav,301.90560524489126,N
New_N_014.wav,307.8266731710935,N
New_N_015.wav,309.6154392847578,N
New_N_016.wav,317.12579571771755,N
New_N_017.wav,315.3581365276929,N
New_N_018.wav,313.4599457167885,N
New_N_019.wav,322.54396652103685,N
New_N_020.wav,309.3416248496944,N
New_N_021.wav,309.2642954496232,N
New_N_022.wav,310.9334428323605,N
New_N_023.wav,311.7421876590663,N
New_N_024.wav,307.2486957750881,N
New_N_025.wav,304.3799387746547,N
New_N_026.wav,303.3303678667003,N
New_N_027.wav,311.6065468100679,N
New_N_028.wav,303.1216056707299,N
New_N_029.wav,307.5252940034811,N
New_N_030.wav,313.66880971243364,N
New_N_031.wav,310.55902413509176,N
New_N_032.wav,303.3711066922542,N
New_N_033.wav,313.0096208906047,N
New_N_034.wav,310.84405526221275,N
New_N_035.wav,301.10586504671153,N
New_N_036.wav,301.7864087710358,N
New_N_037.wav,1057.2364758922004,N
New_N_038.wav,1064.18440296272,N
New_N_039.wav,1049.3217300742872,N
New_N_040.wav,1034.591456584897,N
New_N_041.wav,372.8068348566167,N
New_N_042.wav,382.5981864928937,N
New_N_043.wav,385.5184468432799,N
New_N_044.wav,382.25930786692754,N
New_N_045.wav,392.07258982804075,N
New_N_046.wav,390.1106177111343,N
New_N_047.wav,378.9901756196625,N
New_N_048.wav,384.29969393648594,N
New_N_049.wav,380.5525729017134,N
New_N_050.wav,376.13187032305535,N
New_N_051.wav,384.98919605027504,N
New_N_052.wav,387.1983017769889,N
New_N_053.wav,388.2370595552085,N
New_N_054.wav,392.533476025324,N
New_N_055.wav,389.2480944450143,N
New_N_056.wav,382.89164980438665,N
New_N_057.wav,393.5178055759388,N
New_N_058.wav,381.1503399755212,N
New_N_059.wav,385.68510044737553,N
New_N_060.wav,390.01400628840935,N
New_N_061.wav,384.66849751357597,N
New_N_062.wav,385.32585731043156,N
New_N_063.wav,393.9793657749987,N
New_N_064.wav,389.3594938141796,N
New_N_065.wav,398.62011044020613,N
New_N_066.wav,390.3097820151144,N
New_N_067.wav,381.2251259311859,N
New_N_068.wav,422.4520760541399,N
New_N_069.wav,290.11213658208203,N
New_N_070.wav,300.207612786056,N
New_N_071.wav,304.6169287402298,N
New_N_072.wav,307.18151141078357,N
New_N_073.wav,294.82702203390005,N
New_N_074.wav,304.19092656959566,N
New_N_075.wav,295.14202247901454,N
New_N_076.wav,289.4237156236414,N
New_N_077.wav,303.31098362845904,N
New_N_078.wav,305.447843536511,N
New_N_079.wav,298.8676101366205,N
New_N_080.wav,303.78830187349496,N
New_N_081.wav,307.4021335263747,N
New_N_082.wav,302.40922352322406,N
New_N_083.wav,307.66486019650614,N
New_N_084.wav,306.5313844068719,N
New_N_085.wav,310.49285524252815,N
New_N_086.wav,321.9842370672405,N
New_N_087.wav,304.5874158960466,N
New_N_088.wav,304.1441875933681,N
New_N_089.wav,316.564534514266,N
New_N_090.wav,311.3965155355007,N
New_N_091.wav,316.2858148247464,N
New_N_092.wav,308.69016365432776,N
New_N_093.wav,310.67490171732874,N
New_N_094.wav,307.24157701171026,N
New_N_095.wav,304.95040244848417,N
New_N_096.wav,301.662290992278,N
New_N_097.wav,298.8650574722164,N
New_N_098.wav,293.84299593816434,N
New_N_099.wav,384.4101604539162,N
New_N_100.wav,385.49763603938993,N
New_N_101.wav,385.74239820683374,N
New_N_102.wav,382.4460781731355,N
New_N_103.wav,391.4390873103908,N
New_N_104.wav,382.51337061170443,N
New_N_105.wav,390.48160560347793,N
New_N_106.wav,385.6391780435155,N
New_N_107.wav,384.7658993507005,N
New_N_108.wav,381.1299840490332,N
New_N_109.wav,385.8529389146176,N
New_N_110.wav,386.1195523894027,N
New_N_111.wav,390.66228700305993,N
New_N_112.wav,385.70758055204107,N
New_N_113.wav,389.6713249786593,N
New_N_114.wav,385.43742499310514,N
New_N_115.wav,390.3346549638132,N
New_N_116.wav,384.4511784616281,N
New_N_117.wav,388.77551964491414,N
New_N_118.wav,384.9734326986169,N
New_N_119.wav,393.85709916104173,N
New_N_120.wav,392.98458378612855,N
New_N_121.wav,388.78220102979583,N
New_N_122.wav,385.63157037446695,N
New_N_123.wav,387.05118525830545,N
New_N_124.wav,387.6674696785366,N
New_N_125.wav,444.53306026762266,N
New_N_126.wav,364.13126513784687,N
New_N_127.wav,365.88765363852195,N
New_N_128.wav,378.33879794287014,N
New_N_129.wav,368.351365018439,N
New_N_130.wav,381.376961633968,N
New_N_131.wav,368.2843794614485,N
New_N_132.wav,373.56866235126506,N
New_N_133.wav,363.50100085828706,N
New_N_134.wav,364.2285769774956,N
New_N_135.wav,353.69638794434394,N
New_N_136.wav,379.1526006055828,N
New_N_137.wav,367.49839950389566,N
New_N_138.wav,364.03593188885253,N
New_N_139.wav,381.44283984663207,N
New_N_140.wav,369.9366268810346,N
New_N_141.wav,357.1744300058378,N
New_N_142.wav,362.2987112710365,N
New_N_143.wav,368.9152183617118,N
New_N_144.wav,373.5973097368857,N
New_N_145.wav,351.12045488166433,N
New_N_146.wav,372.8931426665321,N
New_N_147.wav,372.02891315267476,N
New_N_148.wav,376.44725881433624,N
New_N_149.wav,373.60738973493164,N
New_N_150.wav,382.83009821525917,N
New_N_151.wav,364.79663511115825,N
New_N_152.wav,360.3210201270988,N
New_N_153.wav,354.4605153733165,N
New_N_154.wav,358.8547641739584,N
New_N_155.wav,354.80218147929963,N
New_N_156.wav,372.63858963069947,N
New_N_157.wav,339.2463939033045,N
New_N_158.wav,304.8567678868017,N
New_N_159.wav,314.21690257526575,N
New_N_160.wav,321.7412117796725,N
New_N_161.wav,305.43217375661396,N
New_N_162.wav,303.05965099387936,N
New_N_163.wav,327.8151901431308,N
New_N_164.wav,321.5463819968968,N
New_N_165.wav,311.7072195673514,N
New_N_166.wav,313.7854619149028,N
New_N_167.wav,300.3118351944842,N
New_N_168.wav,303.3498105336119,N
New_N_169.wav,303.38746170520056,N
New_N_170.wav,307.23959032678187,N
New_N_171.wav,308.02350195488145,N
New_N_172.wav,307.12566213484104,N
New_N_173.wav,314.4290734086685,N
New_N_174.wav,311.5032741889139,N
New_N_175.wav,316.1807334999041,N
New_N_176.wav,306.54615633375903,N
New_N_177.wav,309.3249390153552,N
New_N_178.wav,306.33714745673444,N
New_N_179.wav,314.23713330523583,N
New_N_180.wav,317.9412614380316,N
New_N_181.wav,310.4651125664378,N
New_N_182.wav,301.997999937207,N
New_N_183.wav,320.4935565311309,N
New_N_184.wav,327.37841212796445,N
New_N_185.wav,306.47294853345977,N
New_N_186.wav,315.9274870905008,N
New_N_187.wav,315.4526148762503,N
New_N_188.wav,310.64143497253235,N
New_N_189.wav,310.5482154935174,N
New_N_190.wav,312.6259447347424,N
New_N_191.wav,308.5353681788347,N
New_N_192.wav,308.83769061102106,N
New_N_193.wav,297.6863974201533,N
New_N_194.wav,472.3330588834169,N
New_N_195.wav,514.3337076456345,N
New_N_196.wav,534.2050056156315,N
New_N_197.wav,531.702198742438,N
New_N_198.wav,522.0664319456847,N
New_N_199.wav,582.3393886520442,N
New_N_200.wav,519.8563027178692,N
